episode,reward,steps,success,epsilon
0,-58.3889,999,0,1.00000
1,-57.3222,999,0,0.99900
2,-55.2778,999,0,0.99800
3,-55.5444,999,0,0.99700
4,46.2333,959,1,0.99601
5,-55.1000,999,0,0.99501
6,-55.9000,999,0,0.99401
7,-53.9444,999,0,0.99302
8,-53.4111,999,0,0.99203
9,-57.1444,999,0,0.99104
10,-52.6111,999,0,0.99004
11,-54.0333,999,0,0.98905
12,-57.5000,999,0,0.98807
13,-54.2111,999,0,0.98708
14,-55.7222,999,0,0.98609
15,-53.4111,999,0,0.98510
16,-51.7222,999,0,0.98412
17,-54.4778,999,0,0.98314
18,-51.3667,999,0,0.98215
19,-55.3667,999,0,0.98117
20,-54.1222,999,0,0.98019
21,-54.7444,999,0,0.97921
22,-51.9889,999,0,0.97823
23,-54.3000,999,0,0.97725
24,-56.3444,999,0,0.97627
25,-54.3000,999,0,0.97530
26,-55.4556,999,0,0.97432
27,-54.9222,999,0,0.97335
28,-55.7222,999,0,0.97237
29,-54.1222,999,0,0.97140
30,-55.1889,999,0,0.97043
31,-55.0111,999,0,0.96946
32,53.5333,822,1,0.96849
33,-52.7000,999,0,0.96752
34,-53.1444,999,0,0.96656
35,-54.0333,999,0,0.96559
36,-55.1000,999,0,0.96462
37,-51.6333,999,0,0.96366
38,-54.2111,999,0,0.96269
39,-53.5000,999,0,0.96173
40,-55.0111,999,0,0.96077
41,-54.8333,999,0,0.95981
42,-53.4111,999,0,0.95885
43,-51.9000,999,0,0.95789
44,-53.5000,999,0,0.95693
45,-54.1222,999,0,0.95598
46,-51.1889,999,0,0.95502
47,-50.9222,999,0,0.95406
48,-51.8111,999,0,0.95311
49,-54.9222,999,0,0.95216
50,-53.1444,999,0,0.95121
51,-54.7444,999,0,0.95025
52,-53.6778,999,0,0.94930
53,-53.5889,999,0,0.94835
54,-56.4333,999,0,0.94741
55,-51.3667,999,0,0.94646
56,-54.0333,999,0,0.94551
57,-54.3889,999,0,0.94457
58,-52.7889,999,0,0.94362
59,-54.5667,999,0,0.94268
60,-54.4778,999,0,0.94174
61,-50.9222,999,0,0.94079
62,-51.8111,999,0,0.93985
63,-53.7667,999,0,0.93891
64,-52.9667,999,0,0.93797
65,-54.3000,999,0,0.93704
66,-54.0333,999,0,0.93610
67,48.3556,968,1,0.93516
68,-51.9889,999,0,0.93423
69,-52.4333,999,0,0.93329
70,-52.4333,999,0,0.93236
71,-51.6333,999,0,0.93143
72,-51.9889,999,0,0.93050
73,-50.3000,999,0,0.92957
74,-51.8111,999,0,0.92864
75,-52.3444,999,0,0.92771
76,-49.6778,999,0,0.92678
77,-52.1667,999,0,0.92585
78,-51.8111,999,0,0.92493
79,-53.2333,999,0,0.92400
80,-50.4778,999,0,0.92308
81,-51.9000,999,0,0.92216
82,-52.8778,999,0,0.92123
83,-55.1000,999,0,0.92031
84,-52.5222,999,0,0.91939
85,-49.7667,999,0,0.91847
86,-51.1000,999,0,0.91755
87,-50.8333,999,0,0.91664
88,-50.5667,999,0,0.91572
89,51.9333,942,1,0.91480
90,-53.2333,999,0,0.91389
91,-50.5667,999,0,0.91298
92,-50.9222,999,0,0.91206
93,-52.3444,999,0,0.91115
94,-51.8111,999,0,0.91024
95,-48.8778,999,0,0.90933
96,-52.0778,999,0,0.90842
97,-50.9222,999,0,0.90751
98,-52.8778,999,0,0.90660
99,-50.0333,999,0,0.90570
100,59.6444,784,1,0.90479
101,-53.6778,999,0,0.90389
102,-51.1000,999,0,0.90298
103,-51.1889,999,0,0.90208
104,-51.1889,999,0,0.90118
105,-48.3444,999,0,0.90028
106,-51.4556,999,0,0.89938
107,-50.7444,999,0,0.89848
108,-53.7667,999,0,0.89758
109,-52.2556,999,0,0.89668
110,-52.4333,999,0,0.89578
111,-52.0778,999,0,0.89489
112,-51.1889,999,0,0.89399
113,-48.7000,999,0,0.89310
114,-52.3444,999,0,0.89221
115,-51.0111,999,0,0.89131
116,-50.3000,999,0,0.89042
117,-49.6778,999,0,0.88953
118,-50.5667,999,0,0.88864
119,-49.9444,999,0,0.88775
120,-51.5444,999,0,0.88687
121,-49.9444,999,0,0.88598
122,-49.3222,999,0,0.88509
123,-50.4778,999,0,0.88421
124,-52.1667,999,0,0.88333
125,76.1444,467,1,0.88244
126,-52.5222,999,0,0.88156
127,-51.9889,999,0,0.88068
128,-51.9000,999,0,0.87980
129,-50.3889,999,0,0.87892
130,-50.9222,999,0,0.87804
131,-50.6556,999,0,0.87716
132,69.3667,597,1,0.87628
133,-49.5000,999,0,0.87541
134,-47.3667,999,0,0.87453
135,-50.6556,999,0,0.87366
136,-51.9000,999,0,0.87278
137,-49.8556,999,0,0.87191
138,-49.8556,999,0,0.87104
139,-47.4556,999,0,0.87017
140,-50.4778,999,0,0.86930
141,-50.2111,999,0,0.86843
142,-51.0111,999,0,0.86756
143,-50.4778,999,0,0.86669
144,-51.7222,999,0,0.86583
145,-49.4111,999,0,0.86496
146,-49.4111,999,0,0.86409
147,-48.8778,999,0,0.86323
148,-52.2556,999,0,0.86237
149,-48.4333,999,0,0.86150
150,-50.9222,999,0,0.86064
151,-51.3667,999,0,0.85978
152,-47.8111,999,0,0.85892
153,-48.4333,999,0,0.85806
154,-50.6556,999,0,0.85721
155,-49.4111,999,0,0.85635
156,-53.3222,999,0,0.85549
157,-49.2333,999,0,0.85464
158,-50.7444,999,0,0.85378
159,-50.5667,999,0,0.85293
160,-47.3667,999,0,0.85208
161,-47.8111,999,0,0.85122
162,-50.3889,999,0,0.85037
163,-49.5000,999,0,0.84952
164,-49.4111,999,0,0.84867
165,-49.5000,999,0,0.84782
166,-49.2333,999,0,0.84698
167,-49.3222,999,0,0.84613
168,-47.2778,999,0,0.84528
169,60.3222,771,1,0.84444
170,-49.3222,999,0,0.84359
171,-49.6778,999,0,0.84275
172,60.6889,770,1,0.84191
173,-46.1222,999,0,0.84106
174,-50.3000,999,0,0.84022
175,-48.1667,999,0,0.83938
176,-49.6778,999,0,0.83854
177,-49.3222,999,0,0.83771
178,-48.7889,999,0,0.83687
179,-51.7222,999,0,0.83603
180,-49.1444,999,0,0.83519
181,-47.4556,999,0,0.83436
182,-47.7222,999,0,0.83353
183,-48.7889,999,0,0.83269
184,-47.8111,999,0,0.83186
185,-48.7889,999,0,0.83103
186,-48.6111,999,0,0.83020
187,-48.7000,999,0,0.82937
188,-49.5000,999,0,0.82854
189,-47.0111,999,0,0.82771
190,-48.3444,999,0,0.82688
191,-46.6556,999,0,0.82605
192,-48.1667,999,0,0.82523
193,-46.8333,999,0,0.82440
194,-46.8333,999,0,0.82358
195,59.9111,840,1,0.82275
196,59.2778,873,1,0.82193
197,-50.4778,999,0,0.82111
198,-48.5222,999,0,0.82029
199,68.2333,651,1,0.81947
200,-46.3889,999,0,0.81865
201,-48.9667,999,0,0.81783
202,-49.7667,999,0,0.81701
203,-47.9000,999,0,0.81620
204,68.9111,662,1,0.81538
205,-48.5222,999,0,0.81456
206,-46.3000,999,0,0.81375
207,-48.7889,999,0,0.81294
208,-46.8333,999,0,0.81212
209,-47.3667,999,0,0.81131
210,-46.8333,999,0,0.81050
211,84.9556,338,1,0.80969
212,-46.3889,999,0,0.80888
213,-46.2111,999,0,0.80807
214,-45.3222,999,0,0.80726
215,-45.7667,999,0,0.80645
216,-46.4778,999,0,0.80565
217,-47.9000,999,0,0.80484
218,-49.1444,999,0,0.80404
219,-47.1000,999,0,0.80323
220,-48.1667,999,0,0.80243
221,-44.5222,999,0,0.80163
222,-47.0111,999,0,0.80083
223,-46.5667,999,0,0.80003
224,72.6667,580,1,0.79923
225,-44.1667,999,0,0.79843
226,-44.3444,999,0,0.79763
227,-45.8556,999,0,0.79683
228,55.1778,962,1,0.79603
229,-47.1889,999,0,0.79524
230,-47.6333,999,0,0.79444
231,-47.0111,999,0,0.79365
232,-44.5222,999,0,0.79285
233,73.6556,547,1,0.79206
234,-47.1889,999,0,0.79127
235,-46.4778,999,0,0.79048
236,-44.8778,999,0,0.78969
237,-46.7444,999,0,0.78890
238,-45.0556,999,0,0.78811
239,-47.6333,999,0,0.78732
240,57.7556,946,1,0.78653
241,-45.2333,999,0,0.78575
242,-46.1222,999,0,0.78496
243,-45.6778,999,0,0.78418
244,-45.1444,999,0,0.78339
245,-46.6556,999,0,0.78261
246,-46.4778,999,0,0.78183
247,61.1667,823,1,0.78104
248,-43.7222,999,0,0.78026
249,-47.8111,999,0,0.77948
250,77.4889,466,1,0.77870
251,-43.8111,999,0,0.77792
252,-45.3222,999,0,0.77715
253,-48.3444,999,0,0.77637
254,-45.9444,999,0,0.77559
255,-45.7667,999,0,0.77482
256,-47.6333,999,0,0.77404
257,-44.2556,999,0,0.77327
258,-45.2333,999,0,0.77250
259,73.2667,558,1,0.77172
260,56.6000,986,1,0.77095
261,-45.1444,999,0,0.77018
262,-45.1444,999,0,0.76941
263,-44.4333,999,0,0.76864
264,-43.7222,999,0,0.76787
265,-46.3000,999,0,0.76710
266,-47.1889,999,0,0.76634
267,-44.7000,999,0,0.76557
268,-45.9444,999,0,0.76481
269,-45.3222,999,0,0.76404
270,-44.5222,999,0,0.76328
271,67.9444,685,1,0.76251
272,-45.7667,999,0,0.76175
273,-45.1444,999,0,0.76099
274,-44.7889,999,0,0.76023
275,-44.4333,999,0,0.75947
276,-42.1222,999,0,0.75871
277,-43.6333,999,0,0.75795
278,-45.7667,999,0,0.75719
279,-43.9889,999,0,0.75643
280,75.8222,568,1,0.75568
281,-47.0111,999,0,0.75492
282,-44.0778,999,0,0.75417
283,-46.1222,999,0,0.75341
284,75.3444,571,1,0.75266
285,-46.4778,999,0,0.75191
286,80.5333,480,1,0.75116
287,-43.1000,999,0,0.75040
288,-44.6111,999,0,0.74965
289,65.9000,765,1,0.74890
290,-42.3889,999,0,0.74816
291,-41.4111,999,0,0.74741
292,53.8778,991,1,0.74666
293,-45.5889,999,0,0.74591
294,58.2444,998,1,0.74517
295,56.4444,960,1,0.74442
296,-43.5444,999,0,0.74368
297,-46.4778,999,0,0.74293
298,-43.2778,999,0,0.74219
299,-42.8333,999,0,0.74145
300,79.6444,488,1,0.74071
301,-43.2778,999,0,0.73997
302,-44.0778,999,0,0.73923
303,-42.8333,999,0,0.73849
304,-45.6778,999,0,0.73775
305,-44.9667,999,0,0.73701
306,58.2778,995,1,0.73627
307,-42.6556,999,0,0.73554
308,-44.0778,999,0,0.73480
309,-40.4333,999,0,0.73407
310,-46.2111,999,0,0.73333
311,-45.1444,999,0,0.73260
312,-42.7444,999,0,0.73187
313,-44.0778,999,0,0.73114
314,-42.3000,999,0,0.73040
315,-45.3222,999,0,0.72967
316,-44.5222,999,0,0.72894
317,-42.9222,999,0,0.72822
318,-44.9667,999,0,0.72749
319,74.8000,540,1,0.72676
320,-44.1667,999,0,0.72603
321,56.7222,943,1,0.72531
322,-42.9222,999,0,0.72458
323,61.3778,908,1,0.72386
324,-42.1222,999,0,0.72313
325,-44.2556,999,0,0.72241
326,-45.5889,999,0,0.72169
327,-46.2111,999,0,0.72097
328,-46.3000,999,0,0.72024
329,73.1778,638,1,0.71952
330,-44.9667,999,0,0.71881
331,-43.8111,999,0,0.71809
332,-42.3000,999,0,0.71737
333,-42.3889,999,0,0.71665
334,-43.1889,999,0,0.71593
335,56.4222,946,1,0.71522
336,-44.6111,999,0,0.71450
337,-43.4556,999,0,0.71379
338,-41.5000,999,0,0.71307
339,-44.7000,999,0,0.71236
340,-44.9667,999,0,0.71165
341,-42.5667,999,0,0.71094
342,-42.3000,999,0,0.71023
343,-44.1667,999,0,0.70952
344,-43.7222,999,0,0.70881
345,-42.4778,999,0,0.70810
346,-42.8333,999,0,0.70739
347,-43.3667,999,0,0.70668
348,-43.7222,999,0,0.70598
349,-41.5889,999,0,0.70527
350,-42.3889,999,0,0.70456
351,-41.1444,999,0,0.70386
352,-40.7000,999,0,0.70316
353,-42.3000,999,0,0.70245
354,69.9000,685,1,0.70175
355,-40.5222,999,0,0.70105
356,-41.0556,999,0,0.70035
357,-42.5667,999,0,0.69965
358,-40.4333,999,0,0.69895
359,-42.8333,999,0,0.69825
360,-42.6556,999,0,0.69755
361,68.2111,749,1,0.69685
362,-43.7222,999,0,0.69616
363,63.0111,841,1,0.69546
364,-43.4556,999,0,0.69476
365,-42.3889,999,0,0.69407
366,-42.8333,999,0,0.69338
367,-42.0333,999,0,0.69268
368,-43.1000,999,0,0.69199
369,-43.9000,999,0,0.69130
370,-43.5444,999,0,0.69061
371,-41.6778,999,0,0.68992
372,-42.6556,999,0,0.68923
373,-42.8333,999,0,0.68854
374,75.5556,560,1,0.68785
375,-41.1444,999,0,0.68716
376,-44.0778,999,0,0.68647
377,-44.7889,999,0,0.68579
378,-41.7667,999,0,0.68510
379,-42.8333,999,0,0.68442
380,-40.5222,999,0,0.68373
381,-42.8333,999,0,0.68305
382,-42.5667,999,0,0.68236
383,-46.1222,999,0,0.68168
384,-39.7222,999,0,0.68100
385,68.2222,740,1,0.68032
386,65.3889,787,1,0.67964
387,-40.7000,999,0,0.67896
388,-45.0556,999,0,0.67828
389,63.6222,818,1,0.67760
390,-42.2111,999,0,0.67692
391,-42.4778,999,0,0.67625
392,59.5444,977,1,0.67557
393,-41.2333,999,0,0.67490
394,-39.9889,999,0,0.67422
395,70.5111,670,1,0.67355
396,59.8889,970,1,0.67287
397,-42.9222,999,0,0.67220
398,-42.9222,999,0,0.67153
399,-42.6556,999,0,0.67086
400,61.6667,954,1,0.67019
401,-40.4333,999,0,0.66952
402,-41.9444,999,0,0.66885
403,-43.8111,999,0,0.66818
404,-43.9000,999,0,0.66751
405,63.1778,858,1,0.66684
406,-40.6111,999,0,0.66617
407,-43.8111,999,0,0.66551
408,-39.5444,999,0,0.66484
409,-39.8111,999,0,0.66418
410,-42.4778,999,0,0.66351
411,-41.6778,999,0,0.66285
412,-44.7000,999,0,0.66219
413,-42.2111,999,0,0.66153
414,-41.0556,999,0,0.66086
415,-41.8556,999,0,0.66020
416,-43.0111,999,0,0.65954
417,-43.8111,999,0,0.65888
418,-43.3667,999,0,0.65822
419,-41.1444,999,0,0.65757
420,-41.6778,999,0,0.65691
421,-42.2111,999,0,0.65625
422,-43.9000,999,0,0.65560
423,-43.6333,999,0,0.65494
424,-44.4333,999,0,0.65429
425,-42.2111,999,0,0.65363
426,-42.7444,999,0,0.65298
427,-40.1667,999,0,0.65232
428,-41.4111,999,0,0.65167
429,-42.3000,999,0,0.65102
430,-42.7444,999,0,0.65037
431,80.3000,429,1,0.64972
432,-43.4556,999,0,0.64907
433,-41.1444,999,0,0.64842
434,-42.7444,999,0,0.64777
435,-40.0778,999,0,0.64712
436,80.0556,499,1,0.64648
437,-42.9222,999,0,0.64583
438,-41.7667,999,0,0.64518
439,-42.0333,999,0,0.64454
440,-42.7444,999,0,0.64389
441,-39.0111,999,0,0.64325
442,-40.3444,999,0,0.64261
443,-43.6333,999,0,0.64196
444,-40.9667,999,0,0.64132
445,-44.2556,999,0,0.64068
446,-41.1444,999,0,0.64004
447,-41.1444,999,0,0.63940
448,-44.5222,999,0,0.63876
449,-43.6333,999,0,0.63812
450,-40.6111,999,0,0.63748
451,-42.3000,999,0,0.63685
452,60.8778,889,1,0.63621
453,-40.6111,999,0,0.63557
454,-43.1889,999,0,0.63494
455,-41.4111,999,0,0.63430
456,-42.3000,999,0,0.63367
457,-40.7889,999,0,0.63304
458,-42.3000,999,0,0.63240
459,-39.1000,999,0,0.63177
460,-41.9444,999,0,0.63114
461,-38.8333,999,0,0.63051
462,-42.9222,999,0,0.62988
463,-41.1444,999,0,0.62925
464,-42.0333,999,0,0.62862
465,-42.1222,999,0,0.62799
466,78.9444,527,1,0.62736
467,-42.8333,999,0,0.62673
468,-44.8778,999,0,0.62611
469,-40.7000,999,0,0.62548
470,-41.0556,999,0,0.62486
471,-41.8556,999,0,0.62423
472,-46.2111,999,0,0.62361
473,-43.3667,999,0,0.62298
474,75.3000,543,1,0.62236
475,62.5222,893,1,0.62174
476,84.9556,354,1,0.62112
477,65.2556,807,1,0.62049
478,-39.7222,999,0,0.61987
479,-42.4778,999,0,0.61925
480,-42.8333,999,0,0.61863
481,-42.6556,999,0,0.61802
482,-40.9667,999,0,0.61740
483,-38.9222,999,0,0.61678
484,-43.0111,999,0,0.61616
485,-43.9889,999,0,0.61555
486,-42.3000,999,0,0.61493
487,-39.9889,999,0,0.61432
488,-40.7000,999,0,0.61370
489,-44.4333,999,0,0.61309
490,-40.7000,999,0,0.61248
491,-41.7667,999,0,0.61186
492,-43.3667,999,0,0.61125
493,-42.1222,999,0,0.61064
494,-45.1444,999,0,0.61003
495,-41.5889,999,0,0.60942
496,-43.7222,999,0,0.60881
497,-42.7444,999,0,0.60820
498,-41.4111,999,0,0.60759
499,-44.4333,999,0,0.60699
500,-43.9000,999,0,0.60638
501,-42.5667,999,0,0.60577
502,-41.9444,999,0,0.60517
503,-43.3667,999,0,0.60456
504,-42.7444,999,0,0.60396
505,-43.1889,999,0,0.60335
506,-40.2556,999,0,0.60275
507,-45.4111,999,0,0.60215
508,-39.5444,999,0,0.60154
509,-42.0333,999,0,0.60094
510,-42.4778,999,0,0.60034
511,-39.0111,999,0,0.59974
512,-41.0556,999,0,0.59914
513,-41.3222,999,0,0.59854
514,-40.2556,999,0,0.59794
515,71.6667,654,1,0.59735
516,64.7222,799,1,0.59675
517,-40.7889,999,0,0.59615
518,58.9667,957,1,0.59556
519,-43.7222,999,0,0.59496
520,78.1222,513,1,0.59437
521,-40.8778,999,0,0.59377
522,-42.1222,999,0,0.59318
523,-42.4778,999,0,0.59258
524,-39.9000,999,0,0.59199
525,-40.7889,999,0,0.59140
526,82.5444,379,1,0.59081
527,-39.8111,999,0,0.59022
528,-45.5889,999,0,0.58963
529,73.4778,579,1,0.58904
530,-40.6111,999,0,0.58845
531,-41.8556,999,0,0.58786
532,-45.4111,999,0,0.58727
533,-42.7444,999,0,0.58669
534,-41.1444,999,0,0.58610
535,-42.1222,999,0,0.58551
536,-43.6333,999,0,0.58493
537,-43.3667,999,0,0.58434
538,84.3444,345,1,0.58376
539,63.2111,879,1,0.58317
540,-42.8333,999,0,0.58259
541,-40.3444,999,0,0.58201
542,-39.5444,999,0,0.58143
543,-41.1444,999,0,0.58084
544,-39.7222,999,0,0.58026
545,-39.9889,999,0,0.57968
546,-41.5889,999,0,0.57910
547,-40.8778,999,0,0.57852
548,-41.2333,999,0,0.57795
549,-42.3889,999,0,0.57737
550,78.0667,502,1,0.57679
551,73.0667,592,1,0.57621
552,-43.5444,999,0,0.57564
553,-43.7222,999,0,0.57506
554,-42.1222,999,0,0.57449
555,-39.9000,999,0,0.57391
556,68.5000,747,1,0.57334
557,80.3556,464,1,0.57277
558,-41.4111,999,0,0.57219
559,-43.7222,999,0,0.57162
560,-40.7889,999,0,0.57105
561,-41.2333,999,0,0.57048
562,-43.1889,999,0,0.56991
563,-40.5222,999,0,0.56934
564,-43.0111,999,0,0.56877
565,-43.5444,999,0,0.56820
566,-40.4333,999,0,0.56763
567,-43.3667,999,0,0.56706
568,-41.5889,999,0,0.56650
569,81.3000,411,1,0.56593
570,-44.7000,999,0,0.56536
571,-42.1222,999,0,0.56480
572,-40.8778,999,0,0.56423
573,66.7778,774,1,0.56367
574,-42.8333,999,0,0.56311
575,-45.8556,999,0,0.56254
576,-41.1444,999,0,0.56198
577,-41.0556,999,0,0.56142
578,-41.5889,999,0,0.56086
579,-40.6111,999,0,0.56030
580,-44.6111,999,0,0.55974
581,-41.8556,999,0,0.55918
582,-41.4111,999,0,0.55862
583,-40.9667,999,0,0.55806
584,-43.8111,999,0,0.55750
585,-42.7444,999,0,0.55694
586,-43.5444,999,0,0.55639
587,-40.7889,999,0,0.55583
588,-43.1000,999,0,0.55527
589,69.4556,733,1,0.55472
590,-41.5889,999,0,0.55416
591,-42.3889,999,0,0.55361
592,78.6000,486,1,0.55306
593,-44.1667,999,0,0.55250
594,-44.5222,999,0,0.55195
595,-42.7444,999,0,0.55140
596,-43.0111,999,0,0.55085
597,-41.9444,999,0,0.55030
598,-44.0778,999,0,0.54975
599,-41.6778,999,0,0.54920
600,72.4556,655,1,0.54865
601,-43.3667,999,0,0.54810
602,-37.8556,999,0,0.54755
603,60.0889,984,1,0.54700
604,-41.4111,999,0,0.54646
605,-43.4556,999,0,0.54591
606,75.9333,598,1,0.54536
607,-42.5667,999,0,0.54482
608,65.7222,821,1,0.54427
609,-40.4333,999,0,0.54373
610,82.1444,399,1,0.54319
611,64.6778,899,1,0.54264
612,-41.5000,999,0,0.54210
613,74.0111,467,1,0.54156
614,73.7556,642,1,0.54102
615,62.2333,879,1,0.54047
616,74.7333,546,1,0.53993
617,-41.2333,999,0,0.53939
618,-41.1444,999,0,0.53885
619,-43.1889,999,0,0.53832
620,67.0778,787,1,0.53778
621,56.8222,902,1,0.53724
622,-39.9000,999,0,0.53670
623,-43.1000,999,0,0.53617
624,73.1333,634,1,0.53563
625,-44.0778,999,0,0.53509
626,-44.5222,999,0,0.53456
627,82.5556,386,1,0.53402
628,-41.7667,999,0,0.53349
629,67.5111,764,1,0.53296
630,66.2111,849,1,0.53242
631,80.9778,456,1,0.53189
632,-39.0111,999,0,0.53136
633,-39.1000,999,0,0.53083
634,-38.3889,999,0,0.53030
635,-41.6778,999,0,0.52977
636,-42.3000,999,0,0.52924
637,-42.8333,999,0,0.52871
638,-42.5667,999,0,0.52818
639,-44.7000,999,0,0.52765
640,-43.5444,999,0,0.52712
641,66.5000,767,1,0.52660
642,-41.8556,999,0,0.52607
643,-37.9444,999,0,0.52554
644,-41.5000,999,0,0.52502
645,71.7111,698,1,0.52449
646,75.6000,564,1,0.52397
647,75.7111,546,1,0.52344
648,60.7556,988,1,0.52292
649,-43.1000,999,0,0.52240
650,-42.1222,999,0,0.52188
651,-39.8111,999,0,0.52135
652,-41.2333,999,0,0.52083
653,-41.0556,999,0,0.52031
654,63.9222,887,1,0.51979
655,-40.9667,999,0,0.51927
656,-40.8778,999,0,0.51875
657,63.6222,762,1,0.51823
658,-43.1889,999,0,0.51772
659,68.4222,706,1,0.51720
660,-41.5000,999,0,0.51668
661,73.6333,653,1,0.51616
662,-39.6333,999,0,0.51565
663,-38.0333,999,0,0.51513
664,-42.1222,999,0,0.51462
665,-42.2111,999,0,0.51410
666,-41.2333,999,0,0.51359
667,-34.5667,999,0,0.51307
668,71.8778,755,1,0.51256
669,-41.5889,999,0,0.51205
670,-41.3222,999,0,0.51154
671,60.6889,930,1,0.51103
672,67.9778,698,1,0.51051
673,75.7111,554,1,0.51000
674,-41.8556,999,0,0.50949
675,-47.3667,999,0,0.50898
676,78.3889,457,1,0.50848
677,-45.0556,999,0,0.50797
678,-45.2333,999,0,0.50746
679,-41.5889,999,0,0.50695
680,-40.9667,999,0,0.50644
681,-42.6556,999,0,0.50594
682,68.9667,689,1,0.50543
683,60.4222,930,1,0.50493
684,-43.9889,999,0,0.50442
685,-43.9889,999,0,0.50392
686,-42.5667,999,0,0.50341
687,-42.1222,999,0,0.50291
688,-41.5889,999,0,0.50241
689,-41.6778,999,0,0.50190
690,-43.1000,999,0,0.50140
691,-43.2778,999,0,0.50090
692,-42.8333,999,0,0.50040
693,-41.5889,999,0,0.49990
694,-43.2778,999,0,0.49940
695,-43.4556,999,0,0.49890
696,-41.7667,999,0,0.49840
697,-40.5222,999,0,0.49790
698,-38.5667,999,0,0.49741
699,-41.7667,999,0,0.49691
700,-42.7444,999,0,0.49641
701,-46.5667,999,0,0.49592
702,-40.5222,999,0,0.49542
703,-43.1889,999,0,0.49492
704,-40.8778,999,0,0.49443
705,-41.0556,999,0,0.49393
706,-43.0111,999,0,0.49344
707,-44.2556,999,0,0.49295
708,-40.0778,999,0,0.49245
709,59.1111,928,1,0.49196
710,-42.4778,999,0,0.49147
711,-42.4778,999,0,0.49098
712,-40.1667,999,0,0.49049
713,-41.7667,999,0,0.49000
714,72.2667,576,1,0.48951
715,-43.5444,999,0,0.48902
716,-39.4556,999,0,0.48853
717,76.1222,549,1,0.48804
718,-40.1667,999,0,0.48755
719,-41.9444,999,0,0.48706
720,-40.8778,999,0,0.48658
721,-41.8556,999,0,0.48609
722,64.7222,791,1,0.48560
723,-41.3222,999,0,0.48512
724,-43.0111,999,0,0.48463
725,-44.8778,999,0,0.48415
726,-42.4778,999,0,0.48366
727,-45.8556,999,0,0.48318
728,78.5667,473,1,0.48270
729,-41.6778,999,0,0.48222
730,-40.0778,999,0,0.48173
731,-38.9222,999,0,0.48125
732,-39.9889,999,0,0.48077
733,77.0111,549,1,0.48029
734,-41.7667,999,0,0.47981
735,-38.8333,999,0,0.47933
736,70.9556,654,1,0.47885
737,-43.9889,999,0,0.47837
738,-38.3889,999,0,0.47789
739,-43.3667,999,0,0.47741
740,63.1222,823,1,0.47694
741,-44.7889,999,0,0.47646
742,-43.4556,999,0,0.47598
743,-44.1667,999,0,0.47551
744,-43.6333,999,0,0.47503
745,65.2111,755,1,0.47456
746,-44.5222,999,0,0.47408
747,-40.7000,999,0,0.47361
748,-44.3444,999,0,0.47314
749,-43.1000,999,0,0.47266
750,-45.4111,999,0,0.47219
751,63.3889,871,1,0.47172
752,-41.6778,999,0,0.47125
753,-44.0778,999,0,0.47077
754,63.1778,818,1,0.47030
755,79.4667,424,1,0.46983
756,-45.9444,999,0,0.46936
757,69.7000,615,1,0.46889
758,-48.6111,999,0,0.46843
759,-46.9222,999,0,0.46796
760,-45.1444,999,0,0.46749
761,-42.0333,999,0,0.46702
762,85.9333,298,1,0.46655
763,-40.4333,999,0,0.46609
764,-44.6111,999,0,0.46562
765,-44.5222,999,0,0.46516
766,85.0667,288,1,0.46469
767,-46.3889,999,0,0.46423
768,85.8778,279,1,0.46376
769,-47.4556,999,0,0.46330
770,86.5222,261,1,0.46283
771,-41.8556,999,0,0.46237
772,-42.5667,999,0,0.46191
773,65.3444,727,1,0.46145
774,88.5000,219,1,0.46099
775,-44.2556,999,0,0.46053
776,73.6222,534,1,0.46006
777,71.1000,601,1,0.45960
778,75.9222,487,1,0.45914
779,-43.1000,999,0,0.45869
780,-42.9222,999,0,0.45823
781,-42.0333,999,0,0.45777
782,62.7000,861,1,0.45731
783,66.9556,718,1,0.45685
784,-42.2111,999,0,0.45640
785,84.9889,327,1,0.45594
786,-44.7889,999,0,0.45548
787,-41.5889,999,0,0.45503
788,-42.1222,999,0,0.45457
789,-40.1667,999,0,0.45412
790,-41.7667,999,0,0.45367
791,60.8778,881,1,0.45321
792,76.7111,528,1,0.45276
793,-46.8333,999,0,0.45231
794,-44.1667,999,0,0.45185
795,-44.9667,999,0,0.45140
796,-43.4556,999,0,0.45095
797,-42.0333,999,0,0.45050
798,-45.5889,999,0,0.45005
799,-47.0111,999,0,0.44960
800,81.1444,425,1,0.44915
801,89.8778,231,1,0.44870
802,-46.3000,999,0,0.44825
803,-42.4778,999,0,0.44780
804,-42.7444,999,0,0.44736
805,-44.0778,999,0,0.44691
806,-43.4556,999,0,0.44646
807,-43.0111,999,0,0.44601
808,60.2444,874,1,0.44557
809,84.3556,312,1,0.44512
810,-42.2111,999,0,0.44468
811,-43.7222,999,0,0.44423
812,-41.9444,999,0,0.44379
813,-47.1000,999,0,0.44335
814,-43.7222,999,0,0.44290
815,-47.5444,999,0,0.44246
816,-43.4556,999,0,0.44202
817,-44.4333,999,0,0.44157
818,57.2667,862,1,0.44113
819,-46.8333,999,0,0.44069
820,-46.2111,999,0,0.44025
821,53.0778,999,1,0.43981
822,82.5333,348,1,0.43937
823,71.0667,628,1,0.43893
824,-47.2778,999,0,0.43849
825,71.9778,642,1,0.43805
826,-44.1667,999,0,0.43762
827,-44.7889,999,0,0.43718
828,-40.4333,999,0,0.43674
829,-39.3667,999,0,0.43630
830,-41.5000,999,0,0.43587
831,-40.7000,999,0,0.43543
832,-42.1222,999,0,0.43500
833,-41.3222,999,0,0.43456
834,-39.8111,999,0,0.43413
835,-42.0333,999,0,0.43369
836,56.9111,910,1,0.43326
837,-46.1222,999,0,0.43283
838,-43.9889,999,0,0.43239
839,-44.9667,999,0,0.43196
840,-43.5444,999,0,0.43153
841,-42.7444,999,0,0.43110
842,-43.0111,999,0,0.43067
843,-41.5889,999,0,0.43024
844,-44.2556,999,0,0.42981
845,-40.0778,999,0,0.42938
846,-43.3667,999,0,0.42895
847,-42.9222,999,0,0.42852
848,-43.3667,999,0,0.42809
849,-41.9444,999,0,0.42766
850,-41.1444,999,0,0.42723
851,-43.0111,999,0,0.42681
852,-45.6778,999,0,0.42638
853,-44.3444,999,0,0.42595
854,-43.9889,999,0,0.42553
855,-42.3000,999,0,0.42510
856,66.0000,716,1,0.42468
857,-45.8556,999,0,0.42425
858,-41.9444,999,0,0.42383
859,-46.5667,999,0,0.42340
860,-43.1889,999,0,0.42298
861,-45.8556,999,0,0.42256
862,86.2333,319,1,0.42213
863,-40.8778,999,0,0.42171
864,74.5889,567,1,0.42129
865,84.4778,333,1,0.42087
866,78.2333,519,1,0.42045
867,-41.5000,999,0,0.42003
868,-39.2778,999,0,0.41961
869,-42.2111,999,0,0.41919
870,-41.3222,999,0,0.41877
871,-41.4111,999,0,0.41835
872,-39.6333,999,0,0.41793
873,-39.6333,999,0,0.41751
874,-43.8111,999,0,0.41710
875,-43.3667,999,0,0.41668
876,-42.9222,999,0,0.41626
877,-41.3222,999,0,0.41585
878,-39.1000,999,0,0.41543
879,-41.9444,999,0,0.41502
880,-43.7222,999,0,0.41460
881,-38.3889,999,0,0.41419
882,-44.4333,999,0,0.41377
883,63.6333,945,1,0.41336
884,-38.8333,999,0,0.41294
885,82.2000,378,1,0.41253
886,65.2889,828,1,0.41212
887,-42.3000,999,0,0.41171
888,-42.8333,999,0,0.41130
889,-38.8333,999,0,0.41088
890,-41.2333,999,0,0.41047
891,84.9778,336,1,0.41006
892,-40.1667,999,0,0.40965
893,-40.2556,999,0,0.40924
894,72.7111,640,1,0.40883
895,86.4333,285,1,0.40842
896,61.5111,848,1,0.40802
897,-45.7667,999,0,0.40761
898,74.1556,534,1,0.40720
899,-44.2556,999,0,0.40679
900,82.9889,371,1,0.40639
901,85.2111,291,1,0.40598
902,74.6556,545,1,0.40557
903,-46.6556,999,0,0.40517
904,77.5111,520,1,0.40476
905,-45.5889,999,0,0.40436
906,-46.1222,999,0,0.40395
907,-40.8778,999,0,0.40355
908,-43.7222,999,0,0.40315
909,-42.6556,999,0,0.40274
910,-41.7667,999,0,0.40234
911,-40.1667,999,0,0.40194
912,-42.7444,999,0,0.40154
913,-43.1000,999,0,0.40114
914,78.7778,502,1,0.40073
915,-47.7222,999,0,0.40033
916,-42.8333,999,0,0.39993
917,-42.9222,999,0,0.39953
918,-41.2333,999,0,0.39913
919,57.8333,915,1,0.39873
920,-44.9667,999,0,0.39834
921,83.4000,326,1,0.39794
922,-45.8556,999,0,0.39754
923,-47.1889,999,0,0.39714
924,82.3667,379,1,0.39674
925,-45.0556,999,0,0.39635
926,-43.3667,999,0,0.39595
927,-40.3444,999,0,0.39556
928,85.2667,334,1,0.39516
929,-44.5222,999,0,0.39476
930,86.4444,284,1,0.39437
931,78.7556,472,1,0.39398
932,-45.5889,999,0,0.39358
933,88.6444,230,1,0.39319
934,67.2333,669,1,0.39280
935,89.2111,219,1,0.39240
936,88.3222,243,1,0.39201
937,69.3889,555,1,0.39162
938,66.9222,729,1,0.39123
939,-40.0778,999,0,0.39083
940,88.7222,239,1,0.39044
941,-42.6556,999,0,0.39005
942,-44.7000,999,0,0.38966
943,-41.8556,999,0,0.38927
944,-38.7444,999,0,0.38888
945,-37.8556,999,0,0.38850
946,-37.5889,999,0,0.38811
947,84.7778,362,1,0.38772
948,77.6000,544,1,0.38733
949,67.8778,811,1,0.38694
950,85.4556,269,1,0.38656
951,73.1333,634,1,0.38617
952,78.8222,490,1,0.38578
953,-38.8333,999,0,0.38540
954,-39.7222,999,0,0.38501
955,-38.3889,999,0,0.38463
956,-34.6556,999,0,0.38424
957,-37.3222,999,0,0.38386
958,-36.8778,999,0,0.38348
959,-35.3667,999,0,0.38309
960,-39.5444,999,0,0.38271
961,-38.2111,999,0,0.38233
962,65.4889,842,1,0.38194
963,89.5889,193,1,0.38156
964,-39.6333,999,0,0.38118
965,-42.2111,999,0,0.38080
966,-39.1000,999,0,0.38042
967,-41.3222,999,0,0.38004
968,-41.4111,999,0,0.37966
969,-42.9222,999,0,0.37928
970,82.5667,345,1,0.37890
971,-41.5889,999,0,0.37852
972,59.9778,922,1,0.37814
973,-42.8333,999,0,0.37776
974,-44.0778,999,0,0.37739
975,-42.3000,999,0,0.37701
976,-40.6111,999,0,0.37663
977,60.3778,886,1,0.37625
978,-38.7444,999,0,0.37588
979,-40.3444,999,0,0.37550
980,-37.6778,999,0,0.37513
981,-41.6778,999,0,0.37475
982,-38.8333,999,0,0.37438
983,-38.1222,999,0,0.37400
984,-39.5444,999,0,0.37363
985,-45.0556,999,0,0.37326
986,-41.2333,999,0,0.37288
987,-45.4111,999,0,0.37251
988,-44.3444,999,0,0.37214
989,-43.6333,999,0,0.37176
990,-39.5444,999,0,0.37139
991,75.5222,603,1,0.37102
992,-40.4333,999,0,0.37065
993,58.2111,937,1,0.37028
994,-43.9000,999,0,0.36991
995,-44.5222,999,0,0.36954
996,-40.7889,999,0,0.36917
997,67.3444,747,1,0.36880
998,-43.9889,999,0,0.36843
999,-42.1222,999,0,0.36806
1000,-41.5000,999,0,0.36770
1001,-37.6778,999,0,0.36733
1002,-37.5889,999,0,0.36696
1003,-39.9889,999,0,0.36659
1004,-41.9444,999,0,0.36623
1005,-39.9889,999,0,0.36586
1006,85.2333,297,1,0.36549
1007,-37.6778,999,0,0.36513
1008,-38.2111,999,0,0.36476
1009,-41.1444,999,0,0.36440
1010,-42.3889,999,0,0.36403
1011,62.1889,899,1,0.36367
1012,-43.0111,999,0,0.36331
1013,67.8556,733,1,0.36294
1014,79.1889,521,1,0.36258
1015,-40.7889,999,0,0.36222
1016,-40.8778,999,0,0.36186
1017,-42.3000,999,0,0.36149
1018,-43.0111,999,0,0.36113
1019,-41.8556,999,0,0.36077
1020,-41.1444,999,0,0.36041
1021,-43.1000,999,0,0.36005
1022,-40.3444,999,0,0.35969
1023,-42.5667,999,0,0.35933
1024,86.7556,288,1,0.35897
1025,69.7000,695,1,0.35861
1026,-45.1444,999,0,0.35825
1027,-40.7000,999,0,0.35790
1028,69.3333,688,1,0.35754
1029,-41.7667,999,0,0.35718
1030,-40.7000,999,0,0.35682
1031,57.9556,960,1,0.35647
1032,55.9889,937,1,0.35611
1033,70.0444,608,1,0.35575
1034,88.4000,212,1,0.35540
1035,67.8111,609,1,0.35504
1036,80.6000,370,1,0.35469
1037,-45.9444,999,0,0.35433
1038,58.6111,917,1,0.35398
1039,63.6000,836,1,0.35362
1040,-40.1667,999,0,0.35327
1041,86.6000,262,1,0.35292
1042,-46.6556,999,0,0.35256
1043,80.0889,432,1,0.35221
1044,-48.1667,999,0,0.35186
1045,-42.8333,999,0,0.35151
1046,72.4111,635,1,0.35116
1047,87.4556,233,1,0.35081
1048,87.9444,229,1,0.35045
1049,78.0556,479,1,0.35010
1050,-41.7667,999,0,0.34975
1051,56.3667,919,1,0.34940
1052,85.4111,313,1,0.34905
1053,56.0333,941,1,0.34871
1054,85.2444,312,1,0.34836
1055,64.6889,778,1,0.34801
1056,75.4111,525,1,0.34766
1057,92.2000,142,1,0.34731
1058,86.5333,276,1,0.34697
1059,86.6111,277,1,0.34662
1060,86.7333,274,1,0.34627
1061,88.5667,221,1,0.34593
1062,83.3111,334,1,0.34558
1063,89.6667,194,1,0.34523
1064,84.5778,332,1,0.34489
1065,76.7000,489,1,0.34454
1066,85.4778,323,1,0.34420
1067,81.5000,361,1,0.34386
1068,70.9556,662,1,0.34351
1069,70.3333,606,1,0.34317
1070,84.9889,303,1,0.34282
1071,-43.8111,999,0,0.34248
1072,-42.0333,999,0,0.34214
1073,-42.8333,999,0,0.34180
1074,70.3000,697,1,0.34146
1075,79.0000,458,1,0.34111
1076,73.9444,561,1,0.34077
1077,-43.3667,999,0,0.34043
1078,72.6333,615,1,0.34009
1079,-41.2333,999,0,0.33975
1080,62.0444,864,1,0.33941
1081,67.7000,731,1,0.33907
1082,83.1333,350,1,0.33873
1083,63.9222,831,1,0.33839
1084,59.6000,988,1,0.33806
1085,61.0556,953,1,0.33772
1086,82.5000,319,1,0.33738
1087,56.1556,962,1,0.33704
1088,81.8889,422,1,0.33671
1089,87.8667,228,1,0.33637
1090,87.7222,193,1,0.33603
1091,64.9111,814,1,0.33570
1092,69.0000,774,1,0.33536
1093,84.7222,311,1,0.33503
1094,60.2556,897,1,0.33469
1095,71.6333,593,1,0.33436
1096,64.1667,793,1,0.33402
1097,-40.5222,999,0,0.33369
1098,72.9444,635,1,0.33335
1099,60.8111,991,1,0.33302
1100,62.4556,851,1,0.33269
1101,73.1556,608,1,0.33236
1102,-44.1667,999,0,0.33202
1103,83.3444,355,1,0.33169
1104,81.7556,410,1,0.33136
1105,86.6667,248,1,0.33103
1106,-43.9889,999,0,0.33070
1107,90.9556,182,1,0.33037
1108,-42.3889,999,0,0.33004
1109,67.7111,714,1,0.32971
1110,84.1889,271,1,0.32938
1111,88.2111,237,1,0.32905
1112,82.1778,372,1,0.32872
1113,64.8889,752,1,0.32839
1114,70.7556,592,1,0.32806
1115,80.2444,426,1,0.32773
1116,81.2111,403,1,0.32740
1117,79.9333,390,1,0.32708
1118,68.8333,725,1,0.32675
1119,71.4000,598,1,0.32642
1120,-42.8333,999,0,0.32610
1121,84.6000,250,1,0.32577
1122,-45.5889,999,0,0.32545
1123,79.8333,423,1,0.32512
1124,89.8222,228,1,0.32479
1125,74.5667,521,1,0.32447
1126,79.7333,384,1,0.32415
1127,90.1222,177,1,0.32382
1128,-44.2556,999,0,0.32350
1129,72.7333,614,1,0.32317
1130,-42.4778,999,0,0.32285
1131,-41.1444,999,0,0.32253
1132,84.5667,285,1,0.32221
1133,88.7222,239,1,0.32188
1134,77.1111,500,1,0.32156
1135,80.3667,407,1,0.32124
1136,76.0889,464,1,0.32092
1137,62.2222,880,1,0.32060
1138,76.1333,516,1,0.32028
1139,74.1444,543,1,0.31996
1140,-40.2556,999,0,0.31964
1141,63.1556,828,1,0.31932
1142,72.0111,631,1,0.31900
1143,-46.3889,999,0,0.31868
1144,-43.7222,999,0,0.31836
1145,-42.8333,999,0,0.31804
1146,90.5444,171,1,0.31772
1147,-46.8333,999,0,0.31741
1148,68.6333,687,1,0.31709
1149,87.1222,279,1,0.31677
1150,79.0000,426,1,0.31645
1151,87.2444,236,1,0.31614
1152,76.8778,497,1,0.31582
1153,-45.5889,999,0,0.31551
1154,90.5556,178,1,0.31519
1155,87.5111,260,1,0.31488
1156,91.3222,173,1,0.31456
1157,83.8000,298,1,0.31425
1158,88.5000,243,1,0.31393
1159,89.7778,184,1,0.31362
1160,90.1556,182,1,0.31330
1161,89.6000,184,1,0.31299
1162,-42.4778,999,0,0.31268
1163,81.6111,391,1,0.31237
1164,-42.3889,999,0,0.31205
1165,71.3222,637,1,0.31174
1166,-44.0778,999,0,0.31143
1167,75.4889,510,1,0.31112
1168,82.5222,357,1,0.31081
1169,75.1444,517,1,0.31050
1170,89.7778,184,1,0.31019
1171,83.2000,312,1,0.30988
1172,78.6111,477,1,0.30957
1173,84.6444,358,1,0.30926
1174,78.2111,497,1,0.30895
1175,82.4333,325,1,0.30864
1176,91.7444,143,1,0.30833
1177,88.4000,196,1,0.30802
1178,90.1111,170,1,0.30771
1179,86.4778,281,1,0.30740
1180,59.1889,777,1,0.30710
1181,88.8000,216,1,0.30679
1182,82.5222,341,1,0.30648
1183,-46.3889,999,0,0.30618
1184,81.7333,356,1,0.30587
1185,70.7111,548,1,0.30556
1186,89.9778,166,1,0.30526
1187,67.6000,668,1,0.30495
1188,83.2000,384,1,0.30465
1189,82.3556,364,1,0.30434
1190,82.3778,354,1,0.30404
1191,62.7333,778,1,0.30374
1192,90.4889,160,1,0.30343
1193,89.4778,171,1,0.30313
1194,60.8222,758,1,0.30283
1195,69.0111,573,1,0.30252
1196,86.9111,226,1,0.30222
1197,80.1000,367,1,0.30192
1198,-53.4111,999,0,0.30162
1199,-50.6556,999,0,0.30131
1200,52.0111,895,1,0.30101
1201,-52.6111,999,0,0.30071
1202,88.5889,211,1,0.30041
1203,85.3556,278,1,0.30011
1204,75.6444,448,1,0.29981
1205,87.0222,232,1,0.29951
1206,67.5667,551,1,0.29921
1207,85.7444,235,1,0.29891
1208,88.0778,225,1,0.29861
1209,85.9667,239,1,0.29832
1210,90.7444,145,1,0.29802
1211,83.6778,277,1,0.29772
1212,77.7111,422,1,0.29742
1213,86.1444,263,1,0.29712
1214,89.0000,206,1,0.29683
1215,-48.0778,999,0,0.29653
1216,84.8111,239,1,0.29623
1217,86.9111,234,1,0.29594
1218,-47.4556,999,0,0.29564
1219,68.8000,656,1,0.29535
1220,-50.2111,999,0,0.29505
1221,83.7667,277,1,0.29475
1222,88.0444,220,1,0.29446
1223,-46.2111,999,0,0.29417
1224,60.3778,814,1,0.29387
1225,88.6111,217,1,0.29358
1226,82.7556,312,1,0.29328
1227,50.8222,962,1,0.29299
1228,85.6667,242,1,0.29270
1229,-54.3000,999,0,0.29241
1230,-47.1889,999,0,0.29211
1231,-45.8556,999,0,0.29182
1232,-44.5222,999,0,0.29153
1233,84.8000,352,1,0.29124
1234,69.9222,611,1,0.29095
1235,85.9111,244,1,0.29066
1236,80.8667,346,1,0.29036
1237,85.7111,278,1,0.29007
1238,89.6333,173,1,0.28978
1239,86.0556,255,1,0.28949
1240,84.8889,296,1,0.28920
1241,58.4778,817,1,0.28892
1242,90.8333,169,1,0.28863
1243,90.4667,170,1,0.28834
1244,87.2000,256,1,0.28805
1245,89.2111,171,1,0.28776
1246,78.0889,396,1,0.28747
1247,82.0556,327,1,0.28719
1248,80.6444,334,1,0.28690
1249,89.2889,180,1,0.28661
1250,85.6111,279,1,0.28633
1251,86.8000,268,1,0.28604
1252,87.4889,254,1,0.28575
1253,87.3889,223,1,0.28547
1254,83.2000,304,1,0.28518
1255,81.5333,366,1,0.28490
1256,79.6111,363,1,0.28461
1257,87.5222,219,1,0.28433
1258,80.7667,379,1,0.28404
1259,85.6222,278,1,0.28376
1260,79.8889,386,1,0.28348
1261,90.5333,164,1,0.28319
1262,83.4333,307,1,0.28291
1263,77.0000,438,1,0.28263
1264,-51.1889,999,0,0.28234
1265,77.3444,463,1,0.28206
1266,83.4333,323,1,0.28178
1267,75.3556,506,1,0.28150
1268,85.2667,294,1,0.28122
1269,81.5222,343,1,0.28093
1270,53.1222,955,1,0.28065
1271,65.3333,696,1,0.28037
1272,88.1778,208,1,0.28009
1273,82.7111,348,1,0.27981
1274,69.8444,578,1,0.27953
1275,72.1556,562,1,0.27925
1276,-48.7000,999,0,0.27897
1277,-43.5444,999,0,0.27869
1278,-46.8333,999,0,0.27842
1279,-44.2556,999,0,0.27814
1280,-46.3889,999,0,0.27786
1281,86.3111,256,1,0.27758
1282,84.7222,279,1,0.27730
1283,60.4222,922,1,0.27703
1284,-45.3222,999,0,0.27675
1285,65.9444,713,1,0.27647
1286,85.8889,278,1,0.27620
1287,76.3889,477,1,0.27592
1288,80.1222,389,1,0.27564
1289,85.7111,278,1,0.27537
1290,89.6556,179,1,0.27509
1291,-49.5000,999,0,0.27482
1292,86.1444,271,1,0.27454
1293,64.1778,728,1,0.27427
1294,81.5000,377,1,0.27399
1295,79.6556,391,1,0.27372
1296,77.4889,418,1,0.27345
1297,67.8889,682,1,0.27317
1298,-52.7889,999,0,0.27290
1299,-49.4111,999,0,0.27263
1300,60.3556,776,1,0.27235
1301,82.5444,315,1,0.27208
1302,-46.4778,999,0,0.27181
1303,-46.8333,999,0,0.27154
1304,-47.2778,999,0,0.27127
1305,-45.4111,999,0,0.27100
1306,78.0222,418,1,0.27072
1307,-44.2556,999,0,0.27045
1308,89.9778,174,1,0.27018
1309,90.4444,180,1,0.26991
1310,-45.8556,999,0,0.26964
1311,89.6000,184,1,0.26937
1312,88.2111,253,1,0.26910
1313,77.3333,384,1,0.26884
1314,48.6889,930,1,0.26857
1315,73.9333,546,1,0.26830
1316,75.0111,497,1,0.26803
1317,87.3889,247,1,0.26776
1318,74.6333,451,1,0.26749
1319,81.1222,387,1,0.26723
1320,88.5889,227,1,0.26696
1321,74.3444,485,1,0.26669
1322,80.6667,372,1,0.26643
1323,79.4556,377,1,0.26616
1324,86.6111,197,1,0.26589
1325,87.0222,216,1,0.26563
1326,85.8444,266,1,0.26536
1327,90.3667,179,1,0.26510
1328,85.1889,253,1,0.26483
1329,84.6111,273,1,0.26457
1330,86.9333,264,1,0.26430
1331,86.7889,253,1,0.26404
1332,73.9444,561,1,0.26377
1333,87.0111,249,1,0.26351
1334,81.2000,444,1,0.26325
1335,91.0333,175,1,0.26298
1336,72.2778,511,1,0.26272
1337,70.7667,535,1,0.26246
1338,79.4333,387,1,0.26219
1339,90.0556,183,1,0.26193
1340,88.5333,200,1,0.26167
1341,86.7111,300,1,0.26141
1342,82.5556,370,1,0.26115
1343,56.9556,906,1,0.26089
1344,88.3222,195,1,0.26063
1345,74.2778,483,1,0.26036
1346,82.0889,324,1,0.26010
1347,70.2778,539,1,0.25984
1348,86.7778,246,1,0.25958
1349,90.6444,170,1,0.25932
1350,72.9556,458,1,0.25907
1351,84.2444,282,1,0.25881
1352,82.7444,313,1,0.25855
1353,90.4111,175,1,0.25829
1354,75.8000,426,1,0.25803
1355,78.8556,359,1,0.25777
1356,89.1667,183,1,0.25751
1357,89.3889,179,1,0.25726
1358,86.9556,222,1,0.25700
1359,90.7222,163,1,0.25674
1360,90.7111,180,1,0.25649
1361,89.2222,194,1,0.25623
1362,87.5778,214,1,0.25597
1363,84.4556,279,1,0.25572
1364,88.8444,196,1,0.25546
1365,84.3333,290,1,0.25521
1366,63.4667,656,1,0.25495
1367,89.4889,186,1,0.25470
1368,89.8556,161,1,0.25444
1369,91.5667,167,1,0.25419
1370,90.0222,178,1,0.25393
1371,90.4222,166,1,0.25368
1372,84.3333,290,1,0.25343
1373,91.0667,188,1,0.25317
1374,82.8667,302,1,0.25292
1375,85.1444,281,1,0.25267
1376,88.4556,199,1,0.25241
1377,90.2444,174,1,0.25216
1378,88.7889,193,1,0.25191
1379,84.1556,290,1,0.25166
1380,73.5222,503,1,0.25140
1381,60.3444,665,1,0.25115
1382,55.6222,730,1,0.25090
1383,87.1556,196,1,0.25065
1384,76.9333,404,1,0.25040
1385,91.3444,147,1,0.25015
1386,55.4889,750,1,0.24990
1387,-54.5667,999,0,0.24965
1388,90.1444,175,1,0.24940
1389,72.8778,473,1,0.24915
1390,-56.0778,999,0,0.24890
1391,-54.4778,999,0,0.24865
1392,83.1333,278,1,0.24840
1393,-47.9889,999,0,0.24816
1394,67.8667,548,1,0.24791
1395,89.2444,176,1,0.24766
1396,83.9222,279,1,0.24741
1397,88.9000,183,1,0.24717
1398,81.9444,289,1,0.24692
1399,74.3111,448,1,0.24667
1400,72.0556,483,1,0.24642
1401,89.7444,163,1,0.24618
1402,74.1444,471,1,0.24593
1403,89.0111,213,1,0.24569
1404,66.9333,624,1,0.24544
1405,89.2333,169,1,0.24519
1406,87.5778,198,1,0.24495
1407,86.4333,197,1,0.24470
1408,-45.2333,999,0,0.24446
1409,78.3444,381,1,0.24422
1410,82.2000,290,1,0.24397
1411,72.3889,509,1,0.24373
1412,89.7222,197,1,0.24348
1413,-51.1000,999,0,0.24324
1414,-50.3000,999,0,0.24300
1415,71.7000,531,1,0.24275
1416,90.9889,179,1,0.24251
1417,90.6667,200,1,0.24227
1418,90.2778,195,1,0.24203
1419,84.9444,291,1,0.24178
1420,83.7556,302,1,0.24154
1421,90.6444,178,1,0.24130
1422,91.2556,171,1,0.24106
1423,85.0111,245,1,0.24082
1424,88.0444,196,1,0.24058
1425,65.3889,659,1,0.24034
1426,89.6778,153,1,0.24010
1427,87.3000,207,1,0.23986
1428,60.8000,752,1,0.23962
1429,86.1778,268,1,0.23938
1430,81.5111,336,1,0.23914
1431,83.3333,308,1,0.23890
1432,89.5333,190,1,0.23866
1433,83.4556,313,1,0.23842
1434,89.0444,202,1,0.23818
1435,79.7667,381,1,0.23794
1436,90.2333,175,1,0.23771
1437,53.6778,865,1,0.23747
1438,62.9778,756,1,0.23723
1439,88.6778,187,1,0.23699
1440,-50.1222,999,0,0.23676
1441,58.3889,777,1,0.23652
1442,76.4444,384,1,0.23628
1443,83.3333,244,1,0.23605
1444,83.4778,287,1,0.23581
1445,67.7222,633,1,0.23558
1446,-51.3667,999,0,0.23534
1447,-50.3000,999,0,0.23510
1448,70.3111,640,1,0.23487
1449,-51.1889,999,0,0.23463
1450,-45.3222,999,0,0.23440
1451,58.9444,847,1,0.23417
1452,58.5556,818,1,0.23393
1453,-49.6778,999,0,0.23370
1454,-48.4333,999,0,0.23346
1455,91.4333,147,1,0.23323
1456,-50.3000,999,0,0.23300
1457,83.9667,315,1,0.23276
1458,-52.9667,999,0,0.23253
1459,-48.3444,999,0,0.23230
1460,73.7889,511,1,0.23207
1461,60.6667,772,1,0.23183
1462,81.3778,316,1,0.23160
1463,82.4778,353,1,0.23137
1464,-51.4556,999,0,0.23114
1465,85.8222,236,1,0.23091
1466,90.1667,173,1,0.23068
1467,77.8222,396,1,0.23045
1468,87.9222,239,1,0.23022
1469,85.6222,278,1,0.22999
1470,70.3333,590,1,0.22976
1471,79.1778,394,1,0.22953
1472,88.6000,218,1,0.22930
1473,79.9889,401,1,0.22907
1474,87.5667,215,1,0.22884
1475,90.9778,172,1,0.22861
1476,86.5000,239,1,0.22838
1477,87.6111,227,1,0.22815
1478,92.3444,137,1,0.22792
1479,90.6778,183,1,0.22770
1480,92.2000,134,1,0.22747
1481,77.7111,374,1,0.22724
1482,87.9667,227,1,0.22701
1483,90.7000,157,1,0.22679
1484,93.0778,127,1,0.22656
1485,87.0222,240,1,0.22633
1486,82.3889,329,1,0.22611
1487,92.2222,140,1,0.22588
1488,83.3556,314,1,0.22566
1489,71.2111,543,1,0.22543
1490,77.2111,491,1,0.22520
1491,84.1111,294,1,0.22498
1492,87.8222,240,1,0.22475
1493,70.6444,570,1,0.22453
1494,88.6889,218,1,0.22431
1495,89.8889,166,1,0.22408
1496,59.9889,777,1,0.22386
1497,91.2778,137,1,0.22363
1498,78.6444,410,1,0.22341
1499,89.1444,209,1,0.22319
1500,69.1333,578,1,0.22296
1501,82.6889,326,1,0.22274
1502,87.2000,192,1,0.22252
1503,61.2778,789,1,0.22229
1504,75.0556,485,1,0.22207
1505,84.5111,234,1,0.22185
1506,86.6778,231,1,0.22163
1507,78.8333,385,1,0.22141
1508,87.1778,226,1,0.22119
1509,85.0000,254,1,0.22096
1510,-51.0111,999,0,0.22074
1511,-48.1667,999,0,0.22052
1512,87.9222,223,1,0.22030
1513,70.2667,580,1,0.22008
1514,79.0333,391,1,0.21986
1515,75.7222,497,1,0.21964
1516,72.9556,482,1,0.21942
1517,72.5000,459,1,0.21920
1518,-52.7889,999,0,0.21898
1519,76.0444,444,1,0.21876
1520,73.7556,522,1,0.21855
1521,-53.5889,999,0,0.21833
1522,81.8444,338,1,0.21811
1523,88.1556,210,1,0.21789
1524,74.4667,554,1,0.21767
1525,76.3222,411,1,0.21746
1526,88.3667,175,1,0.21724
1527,85.7222,253,1,0.21702
1528,68.6778,571,1,0.21680
1529,86.6556,217,1,0.21659
1530,84.3778,254,1,0.21637
1531,74.2778,467,1,0.21615
1532,88.5667,165,1,0.21594
1533,79.9444,341,1,0.21572
1534,74.9667,469,1,0.21551
1535,81.5222,311,1,0.21529
1536,82.0333,329,1,0.21507
1537,89.2889,172,1,0.21486
1538,85.4111,273,1,0.21465
1539,86.6556,233,1,0.21443
1540,84.7000,281,1,0.21422
1541,88.2222,180,1,0.21400
1542,-50.3000,999,0,0.21379
1543,-50.8333,999,0,0.21357
1544,70.2889,602,1,0.21336
1545,81.6889,352,1,0.21315
1546,89.0000,198,1,0.21293
1547,90.4778,169,1,0.21272
1548,82.7889,349,1,0.21251
1549,66.7444,601,1,0.21230
1550,86.7889,213,1,0.21208
1551,87.2889,224,1,0.21187
1552,80.3222,355,1,0.21166
1553,86.0222,234,1,0.21145
1554,92.4444,128,1,0.21124
1555,79.3000,351,1,0.21103
1556,71.7444,503,1,0.21081
1557,87.6889,252,1,0.21060
1558,85.8444,234,1,0.21039
1559,89.9111,172,1,0.21018
1560,73.5778,490,1,0.20997
1561,89.5556,172,1,0.20976
1562,90.7556,152,1,0.20955
1563,78.1444,391,1,0.20934
1564,91.4000,142,1,0.20913
1565,79.3778,328,1,0.20892
1566,86.1222,217,1,0.20872
1567,88.9889,159,1,0.20851
1568,90.3111,144,1,0.20830
1569,80.1000,359,1,0.20809
1570,85.5111,216,1,0.20788
1571,79.9889,337,1,0.20767
1572,79.8889,362,1,0.20747
1573,87.6000,252,1,0.20726
1574,71.3000,535,1,0.20705
1575,81.7000,343,1,0.20684
1576,72.9778,528,1,0.20664
1577,69.2889,540,1,0.20643
1578,85.4556,261,1,0.20622
1579,91.6222,154,1,0.20602
1580,90.9778,172,1,0.20581
1581,89.0667,184,1,0.20561
1582,86.1778,228,1,0.20540
1583,89.7333,148,1,0.20520
1584,85.9667,255,1,0.20499
1585,86.9778,236,1,0.20479
1586,89.3333,160,1,0.20458
1587,90.4222,166,1,0.20438
1588,65.5111,544,1,0.20417
1589,89.0333,155,1,0.20397
1590,88.3889,173,1,0.20376
1591,70.0444,536,1,0.20356
1592,58.5556,682,1,0.20336
1593,64.9778,584,1,0.20315
1594,90.8222,162,1,0.20295
1595,84.1111,270,1,0.20275
1596,89.4333,175,1,0.20254
1597,78.2222,320,1,0.20234
1598,83.2222,278,1,0.20214
1599,88.2222,180,1,0.20194
1600,85.9556,232,1,0.20173
1601,90.4667,162,1,0.20153
1602,90.3111,152,1,0.20133
1603,90.6333,139,1,0.20113
1604,90.0556,159,1,0.20093
1605,91.6778,133,1,0.20073
1606,78.9000,347,1,0.20053
1607,88.5333,176,1,0.20033
1608,85.4000,242,1,0.20013
1609,91.3333,156,1,0.20000
1610,90.1000,155,1,0.20000
1611,89.0000,174,1,0.20000
1612,91.1000,145,1,0.20000
1613,90.5000,167,1,0.20000
1614,90.8444,168,1,0.20000
1615,79.8556,349,1,0.20000
1616,91.4778,135,1,0.20000
1617,88.7333,166,1,0.20000
1618,90.3222,159,1,0.20000
1619,90.6222,148,1,0.20000
1620,89.9667,167,1,0.20000
1621,91.2556,171,1,0.20000
1622,91.7444,127,1,0.20000
1623,90.7222,179,1,0.20000
1624,89.4444,166,1,0.20000
1625,91.3556,146,1,0.20000
1626,89.8667,168,1,0.20000
1627,89.2111,179,1,0.20000
1628,89.1444,169,1,0.20000
1629,91.4667,144,1,0.20000
1630,88.3111,188,1,0.20000
1631,89.5556,172,1,0.20000
1632,91.4000,134,1,0.20000
1633,89.7667,169,1,0.20000
1634,91.0889,170,1,0.20000
1635,90.1889,155,1,0.20000
1636,90.9778,172,1,0.20000
1637,79.9333,358,1,0.20000
1638,90.5222,165,1,0.20000
1639,91.1000,137,1,0.20000
1640,86.3667,243,1,0.20000
1641,91.3556,154,1,0.20000
1642,89.2222,178,1,0.20000
1643,90.8778,141,1,0.20000
1644,92.4667,126,1,0.20000
1645,87.1556,180,1,0.20000
1646,92.5000,131,1,0.20000
1647,90.3111,168,1,0.20000
1648,88.3556,192,1,0.20000
1649,66.7444,585,1,0.20000
1650,84.6111,257,1,0.20000
1651,91.5556,136,1,0.20000
1652,90.2556,157,1,0.20000
1653,88.2111,189,1,0.20000
1654,90.0778,165,1,0.20000
1655,75.6667,430,1,0.20000
1656,83.3556,258,1,0.20000
1657,90.3889,145,1,0.20000
1658,90.1778,156,1,0.20000
1659,80.2889,326,1,0.20000
1660,77.3778,372,1,0.20000
1661,89.2000,180,1,0.20000
1662,88.4111,163,1,0.20000
1663,89.1556,168,1,0.20000
1664,89.0000,158,1,0.20000
1665,90.8667,150,1,0.20000
1666,88.6556,165,1,0.20000
1667,74.7222,419,1,0.20000
1668,91.1333,134,1,0.20000
1669,85.9778,238,1,0.20000
1670,89.4333,167,1,0.20000
1671,85.7889,247,1,0.20000
1672,79.9444,317,1,0.20000
1673,88.8444,188,1,0.20000
1674,90.2222,152,1,0.20000
1675,87.8222,192,1,0.20000
1676,87.8333,183,1,0.20000
1677,83.2333,285,1,0.20000
1678,88.5667,197,1,0.20000
1679,89.7222,181,1,0.20000
1680,84.8222,254,1,0.20000
1681,61.8000,702,1,0.20000
1682,90.1556,158,1,0.20000
1683,80.6444,334,1,0.20000
1684,89.8667,168,1,0.20000
1685,85.2444,256,1,0.20000
1686,83.1667,291,1,0.20000
1687,90.0000,172,1,0.20000
1688,87.4222,188,1,0.20000
1689,85.3444,231,1,0.20000
1690,74.2333,423,1,0.20000
1691,74.1333,464,1,0.20000
1692,-54.6556,999,0,0.20000
1693,50.1889,923,1,0.20000
1694,56.9556,778,1,0.20000
1695,90.0444,160,1,0.20000
1696,89.9111,180,1,0.20000
1697,-54.2111,999,0,0.20000
1698,-54.6556,999,0,0.20000
1699,-54.3000,999,0,0.20000
1700,-51.9000,999,0,0.20000
1701,-53.5889,999,0,0.20000
1702,-54.3889,999,0,0.20000
1703,74.0222,442,1,0.20000
1704,72.2667,528,1,0.20000
1705,80.0778,337,1,0.20000
1706,-51.4556,999,0,0.20000
1707,73.8556,449,1,0.20000
1708,-56.7889,999,0,0.20000
1709,71.6222,530,1,0.20000
1710,68.5000,555,1,0.20000
1711,-53.5889,999,0,0.20000
1712,80.0667,354,1,0.20000
1713,86.7556,256,1,0.20000
1714,87.2444,228,1,0.20000
1715,74.8778,445,1,0.20000
1716,65.2556,639,1,0.20000
1717,77.7556,378,1,0.20000
1718,91.5556,136,1,0.20000
1719,90.0556,167,1,0.20000
1720,55.7778,756,1,0.20000
1721,92.5222,129,1,0.20000
1722,90.1000,163,1,0.20000
1723,86.1111,250,1,0.20000
1724,85.9333,250,1,0.20000
1725,89.1333,178,1,0.20000
1726,82.8667,286,1,0.20000
1727,89.4333,183,1,0.20000
1728,66.8444,560,1,0.20000
1729,77.9667,351,1,0.20000
1730,72.6222,448,1,0.20000
1731,73.0889,430,1,0.20000
1732,78.9333,376,1,0.20000
1733,89.0000,166,1,0.20000
1734,70.9333,504,1,0.20000
1735,86.8222,226,1,0.20000
1736,90.5000,159,1,0.20000
1737,90.8889,164,1,0.20000
1738,84.5667,277,1,0.20000
1739,91.8222,136,1,0.20000
1740,91.6444,136,1,0.20000
1741,84.5222,249,1,0.20000
1742,89.4333,167,1,0.20000
1743,84.6889,250,1,0.20000
1744,86.7222,235,1,0.20000
1745,57.8556,713,1,0.20000
1746,56.8889,784,1,0.20000
1747,88.7111,208,1,0.20000
1748,89.4111,177,1,0.20000
1749,74.8111,379,1,0.20000
1750,75.7889,443,1,0.20000
1751,76.8333,389,1,0.20000
1752,85.1111,260,1,0.20000
1753,87.2444,196,1,0.20000
1754,86.6444,226,1,0.20000
1755,70.8556,527,1,0.20000
1756,88.9667,161,1,0.20000
1757,79.1667,355,1,0.20000
1758,87.4556,233,1,0.20000
1759,48.4222,962,1,0.20000
1760,89.8444,178,1,0.20000
1761,67.9444,613,1,0.20000
1762,91.8222,136,1,0.20000
1763,61.1111,740,1,0.20000
1764,88.0000,176,1,0.20000
1765,92.2556,137,1,0.20000
1766,86.4778,265,1,0.20000
1767,91.4889,158,1,0.20000
1768,78.7111,380,1,0.20000
1769,88.6667,180,1,0.20000
1770,90.5111,150,1,0.20000
1771,90.8667,174,1,0.20000
1772,83.7556,278,1,0.20000
1773,89.8444,170,1,0.20000
1774,84.7333,270,1,0.20000
1775,91.1111,144,1,0.20000
1776,87.3444,187,1,0.20000
1777,89.2889,172,1,0.20000
1778,86.9667,237,1,0.20000
1779,81.4000,378,1,0.20000
1780,92.0778,137,1,0.20000
1781,73.9333,490,1,0.20000
1782,87.6222,234,1,0.20000
1783,89.6222,166,1,0.20000
1784,83.4222,340,1,0.20000
1785,86.0778,245,1,0.20000
1786,90.4000,176,1,0.20000
1787,89.9889,165,1,0.20000
1788,77.5000,441,1,0.20000
1789,91.1889,161,1,0.20000
1790,88.3556,200,1,0.20000
1791,79.0111,401,1,0.20000
1792,92.2222,132,1,0.20000
1793,65.6333,653,1,0.20000
1794,88.6778,211,1,0.20000
1795,90.4111,191,1,0.20000
1796,88.1000,223,1,0.20000
1797,88.0111,191,1,0.20000
1798,88.7667,219,1,0.20000
1799,56.7111,848,1,0.20000
1800,86.5222,229,1,0.20000
1801,78.1333,440,1,0.20000
1802,67.7333,656,1,0.20000
1803,86.1889,243,1,0.20000
1804,90.8889,172,1,0.20000
1805,80.1222,373,1,0.20000
1806,90.4333,157,1,0.20000
1807,89.0889,190,1,0.20000
1808,83.0667,316,1,0.20000
1809,83.7778,268,1,0.20000
1810,91.2889,160,1,0.20000
1811,89.6889,168,1,0.20000
1812,81.1444,369,1,0.20000
1813,88.9111,214,1,0.20000
1814,84.5778,268,1,0.20000
1815,82.2778,315,1,0.20000
1816,88.5222,177,1,0.20000
1817,87.3333,212,1,0.20000
1818,52.3556,952,1,0.20000
1819,-48.1667,999,0,0.20000
1820,-46.3889,999,0,0.20000
1821,62.0222,802,1,0.20000
1822,-47.5444,999,0,0.20000
1823,-47.5444,999,0,0.20000
1824,-48.5222,999,0,0.20000
1825,-48.6111,999,0,0.20000
1826,-45.6778,999,0,0.20000
1827,-47.7222,999,0,0.20000
1828,67.4000,702,1,0.20000
1829,81.3444,351,1,0.20000
1830,81.1444,345,1,0.20000
1831,72.0444,532,1,0.20000
1832,80.8778,353,1,0.20000
1833,72.9889,503,1,0.20000
1834,75.9444,437,1,0.20000
1835,91.6444,144,1,0.20000
1836,84.4222,306,1,0.20000
1837,89.0111,205,1,0.20000
1838,89.7000,175,1,0.20000
1839,89.5000,185,1,0.20000
1840,70.1222,585,1,0.20000
1841,76.3778,430,1,0.20000
1842,91.8889,146,1,0.20000
1843,88.1556,178,1,0.20000
1844,88.6222,192,1,0.20000
1845,63.5000,733,1,0.20000
1846,92.4000,132,1,0.20000
1847,73.4778,459,1,0.20000
1848,79.9000,377,1,0.20000
1849,91.6667,150,1,0.20000
1850,91.0889,170,1,0.20000
1851,58.9222,737,1,0.20000
1852,86.5667,233,1,0.20000
1853,76.5222,393,1,0.20000
1854,91.0444,166,1,0.20000
1855,80.0889,336,1,0.20000
1856,77.6778,409,1,0.20000
1857,75.6889,444,1,0.20000
1858,-53.9444,999,0,0.20000
1859,78.5889,351,1,0.20000
1860,78.5333,372,1,0.20000
1861,73.7889,487,1,0.20000
1862,73.6556,451,1,0.20000
1863,72.5444,487,1,0.20000
1864,87.7000,219,1,0.20000
1865,-45.8556,999,0,0.20000
1866,90.9889,163,1,0.20000
1867,76.2111,477,1,0.20000
1868,84.9778,288,1,0.20000
1869,85.4667,268,1,0.20000
1870,77.8111,421,1,0.20000
1871,61.1000,661,1,0.20000
1872,90.2778,179,1,0.20000
1873,85.1000,269,1,0.20000
1874,76.2889,406,1,0.20000
1875,91.5889,165,1,0.20000
1876,85.4111,257,1,0.20000
1877,82.9556,254,1,0.20000
1878,88.6333,175,1,0.20000
1879,69.2889,524,1,0.20000
1880,91.3333,164,1,0.20000
1881,66.1778,604,1,0.20000
1882,91.9000,137,1,0.20000
1883,65.8111,597,1,0.20000
1884,69.8778,519,1,0.20000
1885,85.8222,220,1,0.20000
1886,89.0222,196,1,0.20000
1887,78.1889,315,1,0.20000
1888,83.9667,259,1,0.20000
1889,68.7778,554,1,0.20000
1890,91.2000,168,1,0.20000
1891,87.3556,234,1,0.20000
1892,81.8444,322,1,0.20000
1893,86.1667,253,1,0.20000
1894,72.8000,472,1,0.20000
1895,89.6000,176,1,0.20000
1896,70.2333,559,1,0.20000
1897,71.9333,486,1,0.20000
1898,52.5000,835,1,0.20000
1899,88.2556,201,1,0.20000
1900,84.9778,304,1,0.20000
1901,88.0000,216,1,0.20000
1902,81.8778,303,1,0.20000
1903,87.8444,206,1,0.20000
1904,89.6556,179,1,0.20000
1905,87.1222,239,1,0.20000
1906,80.2778,351,1,0.20000
1907,87.7222,209,1,0.20000
1908,84.5111,290,1,0.20000
1909,84.4333,305,1,0.20000
1910,83.5778,278,1,0.20000
1911,63.8111,681,1,0.20000
1912,73.5667,491,1,0.20000
1913,89.2444,184,1,0.20000
1914,63.6778,733,1,0.20000
1915,-53.5889,999,0,0.20000
1916,79.3667,361,1,0.20000
1917,67.5667,631,1,0.20000
1918,54.1778,900,1,0.20000
1919,-48.7889,999,0,0.20000
1920,77.4333,439,1,0.20000
1921,-53.3222,999,0,0.20000
1922,74.3889,433,1,0.20000
1923,59.3778,728,1,0.20000
1924,58.0778,749,1,0.20000
1925,-50.9222,999,0,0.20000
1926,68.8222,566,1,0.20000
1927,89.5333,198,1,0.20000
1928,90.7444,153,1,0.20000
1929,90.2111,193,1,0.20000
1930,83.7556,310,1,0.20000
1931,86.6667,240,1,0.20000
1932,91.4333,147,1,0.20000
1933,82.9444,279,1,0.20000
1934,89.2556,175,1,0.20000
1935,89.8222,204,1,0.20000
1936,85.5444,229,1,0.20000
1937,87.8889,234,1,0.20000
1938,80.7889,329,1,0.20000
1939,82.3889,329,1,0.20000
1940,68.3000,589,1,0.20000
1941,85.5444,269,1,0.20000
1942,-49.1444,999,0,0.20000
1943,83.2111,335,1,0.20000
1944,80.1778,392,1,0.20000
1945,88.0111,223,1,0.20000
1946,83.4778,319,1,0.20000
1947,66.3778,594,1,0.20000
1948,49.6333,917,1,0.20000
1949,78.1444,391,1,0.20000
1950,86.0000,252,1,0.20000
1951,60.6222,752,1,0.20000
1952,84.3333,250,1,0.20000
1953,87.6333,209,1,0.20000
1954,87.1222,223,1,0.20000
1955,84.6667,260,1,0.20000
1956,82.2556,285,1,0.20000
1957,84.7111,264,1,0.20000
1958,77.8667,392,1,0.20000
1959,89.7556,162,1,0.20000
1960,78.3222,423,1,0.20000
1961,90.4667,146,1,0.20000
1962,91.2778,161,1,0.20000
1963,90.8556,143,1,0.20000
1964,64.6778,659,1,0.20000
1965,84.0222,326,1,0.20000
1966,71.2667,394,1,0.20000
1967,90.1667,165,1,0.20000
1968,82.2889,346,1,0.20000
1969,82.2111,329,1,0.20000
1970,90.7444,177,1,0.20000
1971,89.6667,178,1,0.20000
1972,87.4556,225,1,0.20000
1973,90.5000,151,1,0.20000
1974,84.8111,255,1,0.20000
1975,91.4333,155,1,0.20000
1976,90.9667,157,1,0.20000
1977,90.8000,148,1,0.20000
1978,86.9111,234,1,0.20000
1979,74.2556,461,1,0.20000
1980,72.9333,468,1,0.20000
1981,91.8444,142,1,0.20000
1982,89.0222,180,1,0.20000
1983,84.2778,271,1,0.20000
1984,79.8111,369,1,0.20000
1985,84.2667,272,1,0.20000
1986,86.2667,228,1,0.20000
1987,90.4667,146,1,0.20000
1988,63.2556,667,1,0.20000
1989,91.0222,152,1,0.20000
1990,86.1333,256,1,0.20000
1991,91.0889,138,1,0.20000
1992,70.3556,572,1,0.20000
1993,73.6333,493,1,0.20000
1994,85.9222,251,1,0.20000
1995,90.2444,150,1,0.20000
1996,89.3444,175,1,0.20000
1997,90.9667,133,1,0.20000
1998,90.3556,164,1,0.20000
1999,83.6778,269,1,0.20000
2000,91.8222,128,1,0.20000
2001,65.8333,659,1,0.20000
2002,88.4000,188,1,0.20000
2003,90.5889,151,1,0.20000
2004,73.2667,462,1,0.20000
2005,89.3778,164,1,0.20000
2006,89.3778,180,1,0.20000
2007,89.8444,162,1,0.20000
2008,89.1222,163,1,0.20000
2009,90.2333,159,1,0.20000
2010,90.9333,152,1,0.20000
2011,90.6111,149,1,0.20000
2012,81.2667,350,1,0.20000
2013,90.6444,154,1,0.20000
2014,85.2111,251,1,0.20000
2015,89.0000,182,1,0.20000
2016,91.5333,138,1,0.20000
2017,84.4111,275,1,0.20000
2018,91.3889,159,1,0.20000
2019,83.6222,274,1,0.20000
2020,90.9889,171,1,0.20000
2021,90.4889,152,1,0.20000
2022,91.1444,149,1,0.20000
2023,90.7778,166,1,0.20000
2024,86.1333,208,1,0.20000
2025,83.2222,278,1,0.20000
2026,90.1556,166,1,0.20000
2027,80.9333,348,1,0.20000
2028,85.0556,265,1,0.20000
2029,81.8556,353,1,0.20000
2030,74.8333,465,1,0.20000
2031,90.9000,139,1,0.20000
2032,91.7444,151,1,0.20000
2033,87.3000,247,1,0.20000
2034,90.8889,148,1,0.20000
2035,91.3333,148,1,0.20000
2036,91.0111,161,1,0.20000
2037,85.1778,254,1,0.20000
2038,86.6000,246,1,0.20000
2039,90.5667,161,1,0.20000
2040,85.0111,301,1,0.20000
2041,85.6222,302,1,0.20000
2042,78.7111,436,1,0.20000
2043,90.6000,174,1,0.20000
2044,90.2222,184,1,0.20000
2045,89.8000,174,1,0.20000
2046,91.4889,166,1,0.20000
2047,81.4222,360,1,0.20000
2048,89.7667,169,1,0.20000
2049,87.4000,238,1,0.20000
2050,91.9778,162,1,0.20000
2051,81.8889,294,1,0.20000
2052,86.8000,260,1,0.20000
2053,91.9000,161,1,0.20000
2054,91.5778,150,1,0.20000
2055,92.0444,156,1,0.20000
2056,87.6444,256,1,0.20000
2057,87.2667,218,1,0.20000
2058,89.5000,233,1,0.20000
2059,91.9222,135,1,0.20000
2060,92.2444,138,1,0.20000
2061,76.0333,469,1,0.20000
2062,91.7556,142,1,0.20000
2063,90.7889,165,1,0.20000
2064,92.5000,131,1,0.20000
2065,84.1111,270,1,0.20000
2066,90.5444,147,1,0.20000
2067,89.7556,186,1,0.20000
2068,91.8333,151,1,0.20000
2069,90.4333,181,1,0.20000
2070,86.6667,240,1,0.20000
2071,87.5556,232,1,0.20000
2072,87.0667,228,1,0.20000
2073,83.3444,331,1,0.20000
2074,92.3556,128,1,0.20000
2075,83.8556,277,1,0.20000
2076,86.5889,247,1,0.20000
2077,85.3222,265,1,0.20000
2078,85.5556,260,1,0.20000
2079,84.3333,266,1,0.20000
2080,87.6778,229,1,0.20000
2081,79.7000,363,1,0.20000
2082,82.1333,320,1,0.20000
2083,89.1667,199,1,0.20000
2084,82.1889,291,1,0.20000
2085,86.5667,241,1,0.20000
2086,87.9222,223,1,0.20000
2087,89.8556,201,1,0.20000
2088,92.3444,129,1,0.20000
2089,91.0889,138,1,0.20000
2090,83.7111,290,1,0.20000
2091,91.0000,138,1,0.20000
2092,86.6556,257,1,0.20000
2093,86.4333,253,1,0.20000
2094,91.1778,146,1,0.20000
2095,89.0778,175,1,0.20000
2096,89.2889,204,1,0.20000
2097,84.9333,268,1,0.20000
2098,87.1889,249,1,0.20000
2099,85.6667,274,1,0.20000
2100,84.9222,269,1,0.20000
2101,91.4778,159,1,0.20000
2102,82.7333,322,1,0.20000
2103,61.9222,715,1,0.20000
2104,85.7222,269,1,0.20000
2105,85.1111,268,1,0.20000
2106,85.1889,277,1,0.20000
2107,82.4333,301,1,0.20000
2108,89.0111,197,1,0.20000
2109,83.9667,267,1,0.20000
2110,91.2222,158,1,0.20000
2111,78.7444,393,1,0.20000
2112,80.3778,374,1,0.20000
2113,86.0111,267,1,0.20000
2114,72.9444,515,1,0.20000
2115,82.8556,343,1,0.20000
2116,85.8222,268,1,0.20000
2117,87.3778,224,1,0.20000
2118,86.5667,225,1,0.20000
2119,91.1556,188,1,0.20000
2120,79.2333,437,1,0.20000
2121,86.3000,225,1,0.20000
2122,90.2778,171,1,0.20000
2123,85.0111,261,1,0.20000
2124,80.2222,412,1,0.20000
2125,84.6889,282,1,0.20000
2126,88.2111,213,1,0.20000
2127,77.4444,406,1,0.20000
2128,78.5111,382,1,0.20000
2129,89.8333,155,1,0.20000
2130,89.8556,217,1,0.20000
2131,78.7222,387,1,0.20000
2132,89.6111,167,1,0.20000
2133,91.9222,127,1,0.20000
2134,69.2000,564,1,0.20000
2135,86.6111,237,1,0.20000
2136,88.9556,202,1,0.20000
2137,91.9333,134,1,0.20000
2138,89.7333,172,1,0.20000
2139,83.4111,293,1,0.20000
2140,89.7778,176,1,0.20000
2141,87.5222,243,1,0.20000
2142,90.4667,154,1,0.20000
2143,87.8889,226,1,0.20000
2144,90.2444,150,1,0.20000
2145,84.8778,249,1,0.20000
2146,91.3556,146,1,0.20000
2147,88.1556,218,1,0.20000
2148,90.9667,141,1,0.20000
2149,89.1556,176,1,0.20000
2150,76.5778,428,1,0.20000
2151,84.7222,255,1,0.20000
2152,87.0444,230,1,0.20000
2153,49.3333,896,1,0.20000
2154,88.9778,216,1,0.20000
2155,83.0889,266,1,0.20000
2156,82.4778,273,1,0.20000
2157,79.2667,362,1,0.20000
2158,92.5333,128,1,0.20000
2159,93.0889,126,1,0.20000
2160,80.7222,335,1,0.20000
2161,80.7556,316,1,0.20000
2162,85.9556,232,1,0.20000
2163,83.6333,281,1,0.20000
2164,89.8222,180,1,0.20000
2165,87.7556,214,1,0.20000
2166,86.5444,267,1,0.20000
2167,87.7222,193,1,0.20000
2168,91.4222,148,1,0.20000
2169,87.1333,214,1,0.20000
2170,89.8000,214,1,0.20000
2171,90.0556,159,1,0.20000
2172,87.7333,224,1,0.20000
2173,90.6222,148,1,0.20000
2174,90.3778,154,1,0.20000
2175,89.7667,185,1,0.20000
2176,85.2889,292,1,0.20000
2177,87.5000,197,1,0.20000
2178,80.0778,337,1,0.20000
2179,87.1778,234,1,0.20000
2180,86.3222,263,1,0.20000
2181,67.3000,551,1,0.20000
2182,88.2556,217,1,0.20000
2183,87.8000,218,1,0.20000
2184,87.7222,241,1,0.20000
2185,91.5444,153,1,0.20000
2186,89.6222,166,1,0.20000
2187,82.0667,334,1,0.20000
2188,89.3000,211,1,0.20000
2189,86.4889,232,1,0.20000
2190,84.5333,256,1,0.20000
2191,85.6778,249,1,0.20000
2192,84.2444,274,1,0.20000
2193,84.3889,277,1,0.20000
2194,82.4111,343,1,0.20000
2195,65.2333,553,1,0.20000
2196,84.9333,260,1,0.20000
2197,89.5222,175,1,0.20000
2198,88.0000,184,1,0.20000
2199,-50.3000,999,0,0.20000
2200,80.3778,366,1,0.20000
2201,90.7333,170,1,0.20000
2202,73.0778,519,1,0.20000
2203,75.8778,435,1,0.20000
2204,85.0667,248,1,0.20000
2205,84.5667,253,1,0.20000
2206,90.8444,152,1,0.20000
2207,86.5556,218,1,0.20000
2208,90.0889,164,1,0.20000
2209,75.9667,403,1,0.20000
2210,85.6111,255,1,0.20000
2211,80.1556,370,1,0.20000
2212,89.9333,170,1,0.20000
2213,-53.5000,999,0,0.20000
2214,69.5444,621,1,0.20000
2215,87.8889,186,1,0.20000
2216,87.7222,217,1,0.20000
2217,86.7889,253,1,0.20000
2218,88.8111,199,1,0.20000
2219,79.7222,385,1,0.20000
2220,84.7778,298,1,0.20000
2221,88.3333,250,1,0.20000
2222,84.0556,291,1,0.20000
2223,87.9222,255,1,0.20000
2224,92.1667,161,1,0.20000
2225,83.2111,359,1,0.20000
2226,75.4556,473,1,0.20000
2227,66.6778,639,1,0.20000
2228,92.2222,124,1,0.20000
2229,86.8889,188,1,0.20000
2230,84.8444,300,1,0.20000
2231,90.5889,183,1,0.20000
2232,89.0111,181,1,0.20000
2233,91.5111,156,1,0.20000
2234,90.0667,190,1,0.20000
2235,83.9111,344,1,0.20000
2236,89.9889,205,1,0.20000
2237,87.1556,260,1,0.20000
2238,86.7778,262,1,0.20000
2239,88.2444,234,1,0.20000
2240,89.9000,173,1,0.20000
2241,90.4222,166,1,0.20000
2242,90.2333,167,1,0.20000
2243,92.6667,132,1,0.20000
2244,83.1333,302,1,0.20000
2245,81.9111,340,1,0.20000
2246,92.1333,140,1,0.20000
2247,91.1667,163,1,0.20000
2248,88.3556,200,1,0.20000
2249,85.7778,272,1,0.20000
2250,86.0444,256,1,0.20000
2251,91.6556,135,1,0.20000
2252,89.0222,228,1,0.20000
2253,90.7222,187,1,0.20000
2254,88.7000,185,1,0.20000
2255,92.0667,154,1,0.20000
2256,90.9778,140,1,0.20000
2257,91.5333,130,1,0.20000
2258,90.1111,170,1,0.20000
2259,91.8667,164,1,0.20000
2260,88.2444,194,1,0.20000
2261,92.3667,127,1,0.20000
2262,88.0444,196,1,0.20000
2263,90.9111,162,1,0.20000
2264,89.7556,178,1,0.20000
2265,91.2556,163,1,0.20000
2266,90.6778,175,1,0.20000
2267,85.4778,235,1,0.20000
2268,86.5111,246,1,0.20000
2269,88.5000,187,1,0.20000
2270,77.0222,428,1,0.20000
2271,86.3889,265,1,0.20000
2272,89.5778,202,1,0.20000
2273,90.9444,159,1,0.20000
2274,83.9444,269,1,0.20000
2275,79.4778,407,1,0.20000
2276,81.2222,346,1,0.20000
2277,88.9111,166,1,0.20000
2278,88.6222,168,1,0.20000
2279,90.1111,162,1,0.20000
2280,88.1333,212,1,0.20000
2281,75.5333,498,1,0.20000
2282,73.3000,475,1,0.20000
2283,92.1778,128,1,0.20000
2284,69.4556,621,1,0.20000
2285,89.4222,184,1,0.20000
2286,91.7333,144,1,0.20000
2287,82.4889,304,1,0.20000
2288,91.2444,140,1,0.20000
2289,89.4444,174,1,0.20000
2290,86.8889,260,1,0.20000
2291,87.4444,226,1,0.20000
2292,91.5889,141,1,0.20000
2293,84.3000,317,1,0.20000
2294,90.5111,190,1,0.20000
2295,84.8889,248,1,0.20000
2296,89.3000,195,1,0.20000
2297,92.4778,133,1,0.20000
2298,91.1556,156,1,0.20000
2299,86.0556,263,1,0.20000
2300,83.1333,294,1,0.20000
2301,80.4667,350,1,0.20000
2302,88.8111,167,1,0.20000
2303,88.6889,210,1,0.20000
2304,91.5222,155,1,0.20000
2305,80.5667,365,1,0.20000
2306,88.5667,221,1,0.20000
2307,90.6556,153,1,0.20000
2308,87.8444,230,1,0.20000
2309,80.7667,363,1,0.20000
2310,92.7889,129,1,0.20000
2311,88.4444,232,1,0.20000
2312,82.6889,302,1,0.20000
2313,86.2111,257,1,0.20000
2314,88.9222,197,1,0.20000
2315,91.1000,161,1,0.20000
2316,82.0889,348,1,0.20000
2317,90.6778,191,1,0.20000
2318,92.4222,130,1,0.20000
2319,87.4667,232,1,0.20000
2320,92.0556,147,1,0.20000
2321,90.4222,142,1,0.20000
2322,93.0111,117,1,0.20000
2323,85.7556,234,1,0.20000
2324,92.1222,117,1,0.20000
2325,88.9889,183,1,0.20000
2326,92.2444,130,1,0.20000
2327,92.4778,125,1,0.20000
2328,91.7000,131,1,0.20000
2329,89.6556,147,1,0.20000
2330,89.6778,153,1,0.20000
2331,91.7444,127,1,0.20000
2332,82.1444,319,1,0.20000
2333,91.3889,127,1,0.20000
2334,91.4889,126,1,0.20000
2335,90.8667,134,1,0.20000
2336,85.3778,236,1,0.20000
2337,87.2222,222,1,0.20000
2338,89.4222,176,1,0.20000
2339,83.2889,320,1,0.20000
2340,84.8556,195,1,0.20000
2341,85.0222,260,1,0.20000
2342,90.7111,132,1,0.20000
2343,87.1000,217,1,0.20000
2344,83.4222,252,1,0.20000
2345,83.5889,269,1,0.20000
2346,92.0222,118,1,0.20000
2347,85.5222,231,1,0.20000
2348,90.8444,128,1,0.20000
2349,91.1111,120,1,0.20000
2350,90.5889,135,1,0.20000
2351,86.9222,241,1,0.20000
2352,91.5000,133,1,0.20000
2353,87.5556,208,1,0.20000
2354,88.5444,159,1,0.20000
2355,91.9111,128,1,0.20000
2356,92.4333,121,1,0.20000
2357,91.8000,122,1,0.20000
2358,84.2111,261,1,0.20000
2359,92.6222,128,1,0.20000
2360,87.3000,223,1,0.20000
2361,75.5000,429,1,0.20000
2362,87.8222,232,1,0.20000
2363,87.8667,212,1,0.20000
2364,91.4667,136,1,0.20000
2365,88.4111,211,1,0.20000
2366,87.9667,219,1,0.20000
2367,78.7556,424,1,0.20000
2368,81.5222,335,1,0.20000
2369,87.1000,225,1,0.20000
2370,88.7889,217,1,0.20000
2371,92.2111,125,1,0.20000
2372,87.2889,192,1,0.20000
2373,88.9778,176,1,0.20000
2374,85.2889,308,1,0.20000
2375,84.3778,254,1,0.20000
2376,90.1111,154,1,0.20000
2377,88.2000,222,1,0.20000
2378,84.1667,321,1,0.20000
2379,78.5111,422,1,0.20000
2380,70.9000,539,1,0.20000
2381,91.0667,140,1,0.20000
2382,82.4333,349,1,0.20000
2383,77.6889,408,1,0.20000
2384,71.1111,592,1,0.20000
2385,68.8778,625,1,0.20000
2386,91.2556,123,1,0.20000
2387,81.8778,319,1,0.20000
2388,89.1556,152,1,0.20000
2389,90.7667,127,1,0.20000
2390,84.5333,248,1,0.20000
2391,92.0000,128,1,0.20000
2392,63.2778,713,1,0.20000
2393,69.9778,622,1,0.20000
2394,86.5778,232,1,0.20000
2395,64.5556,702,1,0.20000
2396,88.1889,167,1,0.20000
2397,78.5444,411,1,0.20000
2398,82.1111,354,1,0.20000
2399,78.4000,416,1,0.20000
2400,87.2222,230,1,0.20000
2401,89.7667,153,1,0.20000
2402,86.0556,239,1,0.20000
2403,-45.7667,999,0,0.20000
2404,70.9000,539,1,0.20000
2405,86.8889,220,1,0.20000
2406,77.9778,438,1,0.20000
2407,86.1444,231,1,0.20000
2408,71.4778,623,1,0.20000
2409,83.3333,324,1,0.20000
2410,81.3222,377,1,0.20000
2411,78.6778,407,1,0.20000
2412,92.4889,124,1,0.20000
2413,-49.2333,999,0,0.20000
2414,63.3000,671,1,0.20000
2415,65.9111,692,1,0.20000
2416,69.5333,638,1,0.20000
2417,52.9444,947,1,0.20000
2418,87.6889,220,1,0.20000
2419,86.0000,292,1,0.20000
2420,79.6444,392,1,0.20000
2421,75.2111,479,1,0.20000
2422,84.7333,230,1,0.20000
2423,77.6222,422,1,0.20000
2424,76.9333,444,1,0.20000
2425,89.0111,197,1,0.20000
2426,89.5111,184,1,0.20000
2427,85.3000,259,1,0.20000
2428,89.6444,212,1,0.20000
2429,64.1444,555,1,0.20000
2430,89.2556,199,1,0.20000
2431,86.7444,273,1,0.20000
2432,86.2333,271,1,0.20000
2433,84.7333,294,1,0.20000
2434,89.8111,205,1,0.20000
2435,88.8556,203,1,0.20000
2436,86.5000,247,1,0.20000
2437,86.0333,273,1,0.20000
2438,89.7778,192,1,0.20000
2439,86.4333,229,1,0.20000
2440,69.9556,584,1,0.20000
2441,84.6778,307,1,0.20000
2442,89.9778,198,1,0.20000
2443,86.5556,226,1,0.20000
2444,88.9333,188,1,0.20000
2445,89.5667,187,1,0.20000
2446,81.0222,292,1,0.20000
2447,87.1667,211,1,0.20000
2448,92.5222,121,1,0.20000
2449,89.8778,143,1,0.20000
2450,90.4000,192,1,0.20000
2451,87.4333,211,1,0.20000
2452,84.4444,304,1,0.20000
2453,91.7000,131,1,0.20000
2454,51.9778,858,1,0.20000
2455,85.6333,229,1,0.20000
2456,91.5556,120,1,0.20000
2457,90.3111,168,1,0.20000
2458,91.2778,129,1,0.20000
2459,81.5222,287,1,0.20000
2460,83.0333,303,1,0.20000
2461,86.4556,227,1,0.20000
2462,85.3889,251,1,0.20000
2463,91.4889,142,1,0.20000
2464,86.0778,245,1,0.20000
2465,90.3778,170,1,0.20000
2466,86.7000,229,1,0.20000
2467,84.7333,262,1,0.20000
2468,87.9222,215,1,0.20000
2469,90.8111,171,1,0.20000
2470,85.5556,244,1,0.20000
2471,83.3333,324,1,0.20000
2472,91.3000,151,1,0.20000
2473,91.6000,164,1,0.20000
2474,88.9444,211,1,0.20000
2475,87.3333,212,1,0.20000
2476,91.3556,138,1,0.20000
2477,90.8778,149,1,0.20000
2478,88.4444,208,1,0.20000
2479,84.3667,263,1,0.20000
2480,86.6444,250,1,0.20000
2481,80.5333,344,1,0.20000
2482,90.1333,144,1,0.20000
2483,91.2778,177,1,0.20000
2484,91.2667,170,1,0.20000
2485,90.5333,156,1,0.20000
2486,88.0000,232,1,0.20000
2487,90.5444,147,1,0.20000
2488,90.2111,145,1,0.20000
2489,80.0222,366,1,0.20000
2490,82.5222,365,1,0.20000
2491,90.3111,200,1,0.20000
2492,82.4333,285,1,0.20000
2493,89.4556,213,1,0.20000
2494,87.6111,227,1,0.20000
2495,89.6333,197,1,0.20000
2496,87.3556,226,1,0.20000
2497,85.3889,275,1,0.20000
2498,89.2000,196,1,0.20000
2499,86.1000,243,1,0.20000
2500,86.3556,244,1,0.20000
2501,72.2222,516,1,0.20000
2502,91.7778,140,1,0.20000
2503,76.9444,451,1,0.20000
2504,89.1778,166,1,0.20000
2505,86.2667,236,1,0.20000
2506,76.1889,487,1,0.20000
2507,83.5667,295,1,0.20000
2508,82.9889,323,1,0.20000
2509,87.0000,234,1,0.20000
2510,90.1222,201,1,0.20000
2511,91.1889,145,1,0.20000
2512,85.9333,242,1,0.20000
2513,78.3444,445,1,0.20000
2514,83.5778,278,1,0.20000
2515,80.5000,339,1,0.20000
2516,90.5000,167,1,0.20000
2517,90.2778,171,1,0.20000
2518,92.0333,133,1,0.20000
2519,92.1111,134,1,0.20000
2520,91.5333,138,1,0.20000
2521,85.1222,243,1,0.20000
2522,74.9222,433,1,0.20000
2523,85.3111,266,1,0.20000
2524,77.2111,395,1,0.20000
2525,85.0667,264,1,0.20000
2526,89.6111,207,1,0.20000
2527,90.1222,161,1,0.20000
2528,84.6778,251,1,0.20000
2529,91.5778,166,1,0.20000
2530,86.4222,230,1,0.20000
2531,87.6111,227,1,0.20000
2532,91.0000,138,1,0.20000
2533,87.9000,217,1,0.20000
2534,91.9000,129,1,0.20000
2535,87.6000,220,1,0.20000
2536,87.0556,213,1,0.20000
2537,76.2111,421,1,0.20000
2538,79.9667,331,1,0.20000
2539,80.8889,336,1,0.20000
2540,88.1111,206,1,0.20000
2541,91.6778,133,1,0.20000
2542,90.0889,172,1,0.20000
2543,87.7333,208,1,0.20000
2544,90.2778,179,1,0.20000
2545,86.0000,276,1,0.20000
2546,84.1444,267,1,0.20000
2547,90.4778,137,1,0.20000
2548,90.9000,171,1,0.20000
2549,91.1889,169,1,0.20000
2550,81.8667,328,1,0.20000
2551,86.6444,234,1,0.20000
2552,88.7778,202,1,0.20000
2553,88.5444,199,1,0.20000
2554,90.3222,175,1,0.20000
2555,88.9000,207,1,0.20000
2556,90.2222,168,1,0.20000
2557,90.7889,165,1,0.20000
2558,90.7000,165,1,0.20000
2559,89.6667,202,1,0.20000
2560,90.5778,168,1,0.20000
2561,89.8444,186,1,0.20000
2562,76.6222,448,1,0.20000
2563,84.6111,257,1,0.20000
2564,86.1222,225,1,0.20000
2565,90.8000,156,1,0.20000
2566,87.1111,232,1,0.20000
2567,86.8556,263,1,0.20000
2568,90.3556,196,1,0.20000
2569,89.6333,197,1,0.20000
2570,92.5000,123,1,0.20000
2571,92.8000,120,1,0.20000
2572,88.3222,203,1,0.20000
2573,91.5333,170,1,0.20000
2574,77.5889,433,1,0.20000
2575,88.1000,215,1,0.20000
2576,80.7333,342,1,0.20000
2577,90.9667,133,1,0.20000
2578,83.4111,269,1,0.20000
2579,91.1778,178,1,0.20000
2580,88.9333,180,1,0.20000
2581,91.3000,143,1,0.20000
2582,81.7333,308,1,0.20000
2583,81.7000,335,1,0.20000
2584,89.2111,203,1,0.20000
2585,88.9000,207,1,0.20000
2586,83.1556,308,1,0.20000
2587,83.8000,298,1,0.20000
2588,85.7556,234,1,0.20000
2589,90.4556,147,1,0.20000
2590,87.8333,215,1,0.20000
2591,89.5556,180,1,0.20000
2592,89.1222,171,1,0.20000
2593,87.4889,222,1,0.20000
2594,78.3222,383,1,0.20000
2595,90.7111,172,1,0.20000
2596,77.4111,417,1,0.20000
2597,85.6444,228,1,0.20000
2598,77.4222,424,1,0.20000
2599,67.5889,573,1,0.20000
2600,88.5333,200,1,0.20000
2601,88.7556,188,1,0.20000
2602,88.0111,207,1,0.20000
2603,76.8556,427,1,0.20000
2604,87.0444,214,1,0.20000
2605,81.6444,316,1,0.20000
2606,86.9000,211,1,0.20000
2607,85.1333,234,1,0.20000
2608,85.8222,252,1,0.20000
2609,90.4889,176,1,0.20000
2610,74.8556,439,1,0.20000
2611,85.5222,271,1,0.20000
2612,89.5556,188,1,0.20000
2613,74.7889,485,1,0.20000
2614,90.9556,166,1,0.20000
2615,88.2556,193,1,0.20000
2616,75.1556,468,1,0.20000
2617,85.9889,245,1,0.20000
2618,87.1000,209,1,0.20000
2619,78.0444,416,1,0.20000
2620,92.2556,169,1,0.20000
2621,88.9333,204,1,0.20000
2622,84.8778,265,1,0.20000
2623,91.8222,120,1,0.20000
2624,87.3444,211,1,0.20000
2625,87.3667,201,1,0.20000
2626,89.9000,173,1,0.20000
2627,90.3444,173,1,0.20000
2628,87.5333,226,1,0.20000
2629,88.4444,192,1,0.20000
2630,78.2667,348,1,0.20000
2631,89.2444,192,1,0.20000
2632,89.1444,177,1,0.20000
2633,89.4889,194,1,0.20000
2634,84.9222,229,1,0.20000
2635,88.3222,203,1,0.20000
2636,91.1333,174,1,0.20000
2637,89.9111,172,1,0.20000
2638,86.9222,209,1,0.20000
2639,77.0667,352,1,0.20000
2640,85.7333,268,1,0.20000
2641,85.3222,273,1,0.20000
2642,79.7778,372,1,0.20000
2643,77.7222,445,1,0.20000
2644,90.3222,167,1,0.20000
2645,91.7333,176,1,0.20000
2646,89.3667,189,1,0.20000
2647,89.9222,195,1,0.20000
2648,89.8889,182,1,0.20000
2649,90.6444,170,1,0.20000
2650,90.1333,192,1,0.20000
2651,91.3000,167,1,0.20000
2652,86.2778,227,1,0.20000
2653,91.0000,170,1,0.20000
2654,89.4667,188,1,0.20000
2655,91.5333,162,1,0.20000
2656,83.0111,297,1,0.20000
2657,87.2444,212,1,0.20000
2658,91.2444,164,1,0.20000
2659,88.5556,214,1,0.20000
2660,91.2333,165,1,0.20000
2661,86.2889,218,1,0.20000
2662,88.0333,205,1,0.20000
2663,88.9333,188,1,0.20000
2664,88.5556,190,1,0.20000
2665,88.6889,202,1,0.20000
2666,90.1556,166,1,0.20000
2667,91.0111,169,1,0.20000
2668,91.9222,167,1,0.20000
2669,89.7556,170,1,0.20000
2670,87.4889,214,1,0.20000
2671,91.8444,118,1,0.20000
2672,88.1333,204,1,0.20000
2673,92.3222,123,1,0.20000
2674,89.3778,172,1,0.20000
2675,86.2333,223,1,0.20000
2676,81.3556,310,1,0.20000
2677,89.7222,173,1,0.20000
2678,80.7889,313,1,0.20000
2679,89.0556,185,1,0.20000
2680,86.5556,210,1,0.20000
2681,89.5000,169,1,0.20000
2682,86.9111,210,1,0.20000
2683,87.4222,180,1,0.20000
2684,89.2111,195,1,0.20000
2685,87.1667,203,1,0.20000
2686,87.5778,206,1,0.20000
2687,88.7889,185,1,0.20000
2688,86.9667,213,1,0.20000
2689,87.4222,212,1,0.20000
2690,90.1111,162,1,0.20000
2691,83.5667,287,1,0.20000
2692,86.9889,203,1,0.20000
2693,87.9889,201,1,0.20000
2694,88.4111,203,1,0.20000
2695,88.5556,190,1,0.20000
2696,88.2667,200,1,0.20000
2697,87.1667,211,1,0.20000
2698,88.3333,194,1,0.20000
2699,86.3333,190,1,0.20000
2700,88.3333,194,1,0.20000
2701,90.1667,165,1,0.20000
2702,88.5111,178,1,0.20000
2703,90.4444,164,1,0.20000
2704,90.0556,175,1,0.20000
2705,86.8000,212,1,0.20000
2706,68.5556,550,1,0.20000
2707,91.0667,156,1,0.20000
2708,71.3667,497,1,0.20000
2709,87.0333,215,1,0.20000
2710,86.6111,237,1,0.20000
2711,90.9889,163,1,0.20000
2712,87.4222,204,1,0.20000
2713,89.6444,164,1,0.20000
2714,90.5667,161,1,0.20000
2715,89.2667,182,1,0.20000
2716,87.6333,201,1,0.20000
2717,90.3667,163,1,0.20000
2718,87.6556,207,1,0.20000
2719,91.2222,166,1,0.20000
2720,90.6222,172,1,0.20000
2721,84.7000,273,1,0.20000
2722,87.9667,211,1,0.20000
2723,90.0111,139,1,0.20000
2724,88.5889,179,1,0.20000
2725,85.8556,193,1,0.20000
2726,90.8111,163,1,0.20000
2727,86.6111,205,1,0.20000
2728,89.2556,167,1,0.20000
2729,88.2111,197,1,0.20000
2730,89.1000,173,1,0.20000
2731,85.6889,232,1,0.20000
2732,88.9000,175,1,0.20000
2733,90.0333,161,1,0.20000
2734,88.4889,180,1,0.20000
2735,87.4111,205,1,0.20000
2736,85.9222,227,1,0.20000
2737,89.9556,168,1,0.20000
2738,86.1333,208,1,0.20000
2739,89.9333,178,1,0.20000
2740,87.4000,198,1,0.20000
2741,87.9889,185,1,0.20000
2742,86.1778,212,1,0.20000
2743,78.1333,296,1,0.20000
2744,88.4778,181,1,0.20000
2745,87.3000,191,1,0.20000
2746,85.2444,232,1,0.20000
2747,87.7111,210,1,0.20000
2748,87.8778,203,1,0.20000
2749,89.6667,170,1,0.20000
2750,89.0111,189,1,0.20000
2751,90.3556,164,1,0.20000
2752,90.0111,171,1,0.20000
2753,89.4667,172,1,0.20000
2754,81.8667,304,1,0.20000
2755,91.1778,170,1,0.20000
2756,65.9000,637,1,0.20000
2757,86.0778,221,1,0.20000
2758,83.7444,239,1,0.20000
2759,59.9667,715,1,0.20000
2760,84.5222,241,1,0.20000
2761,89.6111,167,1,0.20000
2762,90.5778,136,1,0.20000
2763,85.8667,216,1,0.20000
2764,91.6556,119,1,0.20000
2765,91.5556,120,1,0.20000
2766,89.6333,173,1,0.20000
2767,87.2444,204,1,0.20000
2768,90.6556,161,1,0.20000
2769,87.9778,194,1,0.20000
2770,92.0667,130,1,0.20000
2771,86.1778,212,1,0.20000
2772,87.6222,218,1,0.20000
2773,89.7778,184,1,0.20000
2774,87.0444,206,1,0.20000
2775,78.8444,352,1,0.20000
2776,87.8222,200,1,0.20000
2777,86.7111,220,1,0.20000
2778,85.7778,232,1,0.20000
2779,86.4111,215,1,0.20000
2780,89.9444,169,1,0.20000
2781,87.3778,216,1,0.20000
2782,87.3000,215,1,0.20000
2783,81.8667,272,1,0.20000
2784,85.0222,204,1,0.20000
2785,87.3889,207,1,0.20000
2786,86.9667,205,1,0.20000
2787,89.0222,188,1,0.20000
2788,87.3111,198,1,0.20000
2789,88.7667,187,1,0.20000
2790,89.6222,174,1,0.20000
2791,72.7556,452,1,0.20000
2792,89.4667,148,1,0.20000
2793,60.4222,698,1,0.20000
2794,78.0889,388,1,0.20000
2795,85.9667,215,1,0.20000
2796,74.9556,446,1,0.20000
2797,87.9222,199,1,0.20000
2798,88.5778,180,1,0.20000
2799,88.4111,187,1,0.20000
2800,89.8111,165,1,0.20000
2801,84.8333,221,1,0.20000
2802,83.0889,282,1,0.20000
2803,83.8667,284,1,0.20000
2804,89.1444,177,1,0.20000
2805,88.9444,203,1,0.20000
2806,89.1222,179,1,0.20000
2807,88.6333,191,1,0.20000
2808,88.0444,196,1,0.20000
2809,83.2333,301,1,0.20000
2810,72.0556,499,1,0.20000
2811,87.5667,223,1,0.20000
2812,87.9889,201,1,0.20000
2813,88.0111,207,1,0.20000
2814,91.2222,126,1,0.20000
2815,89.0000,198,1,0.20000
2816,87.5778,214,1,0.20000
2817,79.1222,375,1,0.20000
2818,86.6889,206,1,0.20000
2819,88.0333,197,1,0.20000
2820,89.8444,170,1,0.20000
2821,90.5111,174,1,0.20000
2822,81.5556,308,1,0.20000
2823,90.4444,180,1,0.20000
2824,85.9333,210,1,0.20000
2825,87.8778,187,1,0.20000
2826,87.1889,193,1,0.20000
2827,88.2333,211,1,0.20000
2828,84.0333,229,1,0.20000
2829,87.4556,201,1,0.20000
2830,72.2222,476,1,0.20000
2831,80.2333,339,1,0.20000
2832,88.9222,181,1,0.20000
2833,85.0667,232,1,0.20000
2834,69.4444,606,1,0.20000
2835,76.1556,426,1,0.20000
2836,48.4444,752,1,0.20000
2837,85.7556,210,1,0.20000
2838,89.0889,198,1,0.20000
2839,87.4111,189,1,0.20000
2840,89.9111,180,1,0.20000
2841,78.7111,356,1,0.20000
2842,77.6556,379,1,0.20000
2843,90.0222,170,1,0.20000
2844,90.1111,138,1,0.20000
2845,84.0222,270,1,0.20000
2846,63.0111,689,1,0.20000
2847,75.0778,475,1,0.20000
2848,88.4667,182,1,0.20000
2849,89.7222,157,1,0.20000
2850,83.1222,303,1,0.20000
2851,72.4556,495,1,0.20000
2852,85.8111,221,1,0.20000
2853,90.4667,170,1,0.20000
2854,89.1444,169,1,0.20000
2855,81.6333,309,1,0.20000
2856,87.0222,208,1,0.20000
2857,86.6889,230,1,0.20000
2858,82.6111,309,1,0.20000
2859,89.3667,181,1,0.20000
2860,89.1778,174,1,0.20000
2861,89.2222,194,1,0.20000
2862,91.1111,160,1,0.20000
2863,86.3889,217,1,0.20000
2864,88.7000,161,1,0.20000
2865,86.7444,217,1,0.20000
2866,90.6889,174,1,0.20000
2867,85.8667,224,1,0.20000
2868,80.4889,364,1,0.20000
2869,87.9667,211,1,0.20000
2870,82.7667,303,1,0.20000
2871,89.6444,172,1,0.20000
2872,80.3000,341,1,0.20000
2873,89.9778,166,1,0.20000
2874,90.4333,149,1,0.20000
2875,89.6333,165,1,0.20000
2876,88.3444,209,1,0.20000
2877,88.8222,198,1,0.20000
2878,83.9556,292,1,0.20000
2879,82.7000,301,1,0.20000
2880,89.6556,163,1,0.20000
2881,88.0556,211,1,0.20000
2882,90.6444,162,1,0.20000
2883,90.6667,168,1,0.20000
2884,89.2444,192,1,0.20000
2885,89.2889,180,1,0.20000
2886,85.3000,259,1,0.20000
2887,89.8556,177,1,0.20000
2888,86.3778,218,1,0.20000
2889,89.3778,188,1,0.20000
2890,85.5778,234,1,0.20000
2891,88.4889,204,1,0.20000
2892,89.8444,162,1,0.20000
2893,88.9556,178,1,0.20000
2894,89.4333,167,1,0.20000
2895,88.5111,186,1,0.20000
2896,88.0111,191,1,0.20000
2897,78.5556,370,1,0.20000
2898,85.8444,210,1,0.20000
2899,91.2333,101,1,0.20000
2900,90.6444,162,1,0.20000
2901,86.6778,215,1,0.20000
2902,90.0889,172,1,0.20000
2903,88.9556,178,1,0.20000
2904,86.6333,203,1,0.20000
2905,90.2556,157,1,0.20000
2906,85.3889,275,1,0.20000
2907,87.0444,190,1,0.20000
2908,80.5222,353,1,0.20000
2909,85.4778,219,1,0.20000
2910,88.5778,196,1,0.20000
2911,83.6778,285,1,0.20000
2912,85.3667,253,1,0.20000
2913,78.3556,364,1,0.20000
2914,89.8556,169,1,0.20000
2915,89.6111,159,1,0.20000
2916,87.5889,189,1,0.20000
2917,86.8000,220,1,0.20000
2918,86.2556,237,1,0.20000
2919,-61.8556,999,0,0.20000
2920,90.8333,161,1,0.20000
2921,87.1889,217,1,0.20000
2922,83.5556,312,1,0.20000
2923,89.1111,180,1,0.20000
2924,87.0444,222,1,0.20000
2925,91.7000,163,1,0.20000
2926,83.5444,297,1,0.20000
2927,88.7889,209,1,0.20000
2928,88.9222,237,1,0.20000
2929,82.3222,303,1,0.20000
2930,89.8111,165,1,0.20000
2931,87.8667,204,1,0.20000
2932,89.3889,163,1,0.20000
2933,90.3333,158,1,0.20000
2934,87.2556,211,1,0.20000
2935,86.1444,223,1,0.20000
2936,90.4778,169,1,0.20000
2937,87.4889,206,1,0.20000
2938,88.2000,198,1,0.20000
2939,90.1333,168,1,0.20000
2940,89.9000,165,1,0.20000
2941,88.2889,190,1,0.20000
2942,86.8778,197,1,0.20000
2943,90.0111,187,1,0.20000
2944,88.1667,201,1,0.20000
2945,90.0222,186,1,0.20000
2946,89.0667,168,1,0.20000
2947,87.7444,215,1,0.20000
2948,90.4556,155,1,0.20000
2949,89.0444,194,1,0.20000
2950,89.2333,193,1,0.20000
2951,87.0111,193,1,0.20000
2952,88.7444,189,1,0.20000
2953,87.4333,219,1,0.20000
2954,89.2556,183,1,0.20000
2955,89.4444,142,1,0.20000
2956,90.5222,157,1,0.20000
2957,89.2222,170,1,0.20000
2958,88.1778,192,1,0.20000
2959,85.4333,231,1,0.20000
2960,89.0444,194,1,0.20000
2961,89.2222,194,1,0.20000
2962,87.0222,200,1,0.20000
2963,91.6667,134,1,0.20000
2964,88.9556,194,1,0.20000
2965,90.0111,163,1,0.20000
2966,89.5111,168,1,0.20000
2967,87.5333,202,1,0.20000
2968,86.0889,220,1,0.20000
2969,88.4222,178,1,0.20000
2970,89.0667,184,1,0.20000
2971,87.6111,211,1,0.20000
2972,93.3889,107,1,0.20000
2973,87.6556,199,1,0.20000
2974,91.2333,157,1,0.20000
2975,91.0889,170,1,0.20000
2976,88.5111,194,1,0.20000
2977,89.9889,173,1,0.20000
2978,91.2000,160,1,0.20000
2979,86.8889,212,1,0.20000
2980,92.3444,105,1,0.20000
2981,89.2556,183,1,0.20000
2982,89.0667,192,1,0.20000
2983,88.2889,190,1,0.20000
2984,88.5889,211,1,0.20000
2985,87.6889,204,1,0.20000
2986,88.0444,196,1,0.20000
2987,91.3889,151,1,0.20000
2988,94.2667,92,1,0.20000
2989,91.0333,175,1,0.20000
2990,92.1889,127,1,0.20000
2991,87.7000,203,1,0.20000
2992,91.0667,172,1,0.20000
2993,91.9000,129,1,0.20000
2994,90.7222,163,1,0.20000
2995,91.8222,128,1,0.20000
2996,90.5333,172,1,0.20000
2997,88.5333,176,1,0.20000
2998,85.4889,266,1,0.20000
2999,85.2111,227,1,0.20000
